CustomerID,Quantity,UnitPrice,Cluster
12346.0,0,2.08,0
12347.0,2458,481.21,0
12348.0,2341,178.71,0
12349.0,631,605.1,0
12350.0,197,65.3,0
12352.0,470,2211.1,0
12353.0,20,24.299999999999997,0
12354.0,530,261.22,0
12355.0,240,54.65,0
12356.0,1591,188.87,0
12357.0,2708,438.67,0
12358.0,248,157.21,0
12359.0,1612,2225.11,0
12360.0,1165,457.90999999999997,0
12361.0,91,33.35,0
12362.0,2212,1083.29,0
12363.0,408,53.17,0
12364.0,1506,162.37,0
12365.0,173,698.0,0
12367.0,173,35.2,0
12370.0,2353,467.65,0
12371.0,591,244.08,0
12372.0,794,156.07,0
12373.0,197,64.15,0
12374.0,342,139.25,0
12375.0,177,119.60000000000001,0
12377.0,944,209.35,0
12378.0,2529,656.44,0
12379.0,406,116.6,0
12380.0,1126,355.63,0
12381.0,783,417.04,0
12383.0,1529,309.36,0
12384.0,121,227.27,0
12386.0,354,23.91,0
12388.0,1462,277.77,0
12390.0,353,127.9,0
12391.0,300,245.99,0
12393.0,816,145.9,0
12394.0,819,91.00999999999999,0
12395.0,2113,629.59,0
12397.0,1263,437.0,0
12398.0,1394,169.38,0
12399.0,1178,124.75999999999999,0
12401.0,11,48.4,0
12402.0,94,36.2,0
12403.0,95,53.400000000000006,0
12405.0,857,191.39000000000001,0
12406.0,1809,305.99,0
12407.0,1416,251.59,0
12408.0,1399,353.48,0
12409.0,5543,402.04,0
12410.0,209,176.97,0
12412.0,829,165.54,0
12413.0,282,210.29,0
12414.0,300,154.26,0
12415.0,77242,2499.82,2
12417.0,1539,1074.23,0
12418.0,407,121.19,0
12420.0,345,136.51,0
12421.0,483,204.18,0
12422.0,370,127.15,0
12423.0,1327,365.05,0
12424.0,740,83.42,0
12425.0,496,92.32,0
12426.0,258,118.09,0
12427.0,236,161.17,0
12428.0,3503,1418.79,0
12429.0,1557,352.18,0
12430.0,117,68.48,0
12431.0,2868,902.0,0
12432.0,1801,1139.49,0
12433.0,11071,920.95,0
12434.0,373,198.13,0
12435.0,2055,197.25,0
12436.0,211,84.28,0
12437.0,2918,809.45,0
12438.0,1180,381.7,0
12441.0,121,40.71,0
12442.0,182,40.08,0
12444.0,1155,1119.1299999999999,0
12445.0,62,31.95,0
12446.0,352,248.1,0
12447.0,190,92.93,0
12448.0,243,130.94,0
12449.0,1553,705.69,0
12450.0,128,12.94,0
12451.0,6455,868.18,0
12452.0,183,99.67,0
12453.0,473,102.91,0
12454.0,0,218.46,0
12455.0,2089,285.6,0
12456.0,1616,461.37,0
12457.0,695,352.37,0
12458.0,506,164.4,0
12461.0,287,149.06,0
12462.0,514,332.42,0
12463.0,757,269.91,0
12464.0,112,343.15,0
12465.0,475,138.02,0
12468.0,364,139.07,0
12471.0,7965,2266.87,0
12472.0,4020,970.12,0
12473.0,2363,2437.84,0
12474.0,4764,1331.7,0
12475.0,535,105.88,0
12476.0,2337,1306.93,0
12477.0,3620,1333.8700000000001,0
12478.0,236,163.36,0
12479.0,351,91.42999999999999,0
12480.0,1707,482.7,0
12481.0,3290,741.44,0
12483.0,1097,484.21000000000004,0
12484.0,2185,1114.08,0
12488.0,529,205.41,0
12489.0,105,88.62,0
12490.0,3064,659.75,0
12491.0,260,87.8,0
12492.0,192,66.95,0
12493.0,206,111.75,0
12494.0,690,351.94,0
12497.0,1236,28.84,0
12498.0,159,96.55,0
12500.0,2671,381.95,0
12501.0,1722,387.32,0
12502.0,820,944.51,0
12503.0,-1,1126.0,0
12504.0,51,141.7,0
12505.0,-1,4.5,0
12506.0,23,73.5,0
12507.0,894,106.37,0
12508.0,272,118.71000000000001,0
12509.0,55,38.95,0
12510.0,353,140.69,0
12512.0,99,87.7,0
12513.0,456,80.57,0
12514.0,440,168.14,0
12515.0,131,108.5,0
12516.0,875,70.87,0
12517.0,1348,671.48,0
12518.0,1318,351.81,0
12519.0,183,53.84,0
12520.0,1430,526.09,0
12521.0,309,113.84,0
12522.0,194,60.010000000000005,0
12523.0,861,567.36,0
12524.0,3699,420.06,0
12526.0,632,238.12,0
12527.0,234,52.730000000000004,0
12528.0,750,512.34,0
12530.0,900,264.47,0
12531.0,45,64.76,0
12532.0,153,59.17,0
12534.0,651,191.23,0
12535.0,219,151.35,0
12536.0,2652,13255.220000000001,0
12538.0,191,76.51,0
12539.0,2066,2856.04,0
12540.0,6677,1875.34,0
12541.0,680,188.02,0
12544.0,132,82.27000000000001,0
12545.0,523,201.19,0
12546.0,617,222.0,0
12547.0,134,63.6,0
12548.0,49,33.6,0
12550.0,569,176.15,0
12551.0,100,16.8,0
12552.0,88,182.31,0
12553.0,1924,617.78,0
12556.0,358,322.14,0
12557.0,4384,71.83,0
12558.0,0,27.5,0
12559.0,281,87.28,0
12560.0,1078,315.8,0
12561.0,177,47.43,0
12562.0,1779,535.62,0
12564.0,133,117.1,0
12565.0,75,24.11,0
12566.0,264,79.12,0
12567.0,4089,1557.35,0
12569.0,1793,1061.65,0
12571.0,523,44.9,0
12572.0,450,269.37,0
12573.0,84,58.7,0
12574.0,61,57.2,0
12576.0,964,214.55,0
12577.0,466,274.27,0
12578.0,1171,373.0,0
12579.0,278,116.77,0
12580.0,238,62.58,0
12581.0,161,43.39,0
12582.0,300,115.1,0
12583.0,5009,791.28,0
12584.0,354,938.1,0
12585.0,1258,339.25,0
12586.0,77,54.6,0
12587.0,51,46.24,0
12588.0,53,95.8,0
12589.0,306,157.6,0
12590.0,4279,718.6600000000001,0
12591.0,228,98.3,0
12592.0,290,59.599999999999994,0
12593.0,206,55.7,0
12594.0,1776,374.73,0
12596.0,474,118.95,0
12597.0,2187,852.51,0
12598.0,1940,376.07,0
12599.0,956,185.77,0
12600.0,773,368.32,0
12601.0,244,189.81,0
12602.0,162,23.65,0
12603.0,64,28.95,0
12604.0,201,41.46,0
12605.0,-4,5.4,0
12607.0,0,435.86,0
12609.0,648,211.07,0
12610.0,1028,545.77,0
12611.0,846,173.88,0
12612.0,251,94.24000000000001,0
12613.0,1596,477.71,0
12614.0,76,112.2,0
12615.0,1376,324.41,0
12616.0,273,145.95,0
12617.0,213,79.92999999999999,0
12618.0,96,73.02000000000001,0
12619.0,3354,1030.57,0
12620.0,1181,197.6,0
12621.0,7404,1373.65,0
12622.0,69,63.13,0
12623.0,191,47.32,0
12624.0,355,147.14,0
12625.0,1577,210.64,0
12626.0,3350,872.0,0
12627.0,2752,675.72,0
12628.0,445,158.14,0
12630.0,548,287.13,0
12631.0,236,140.65,0
12633.0,1149,327.28000000000003,0
12635.0,1172,254.73,0
12637.0,2990,1060.19,0
12638.0,577,99.84,0
12639.0,201,108.19999999999999,0
12640.0,311,303.0,0
12641.0,72,69.64999999999999,0
12642.0,552,168.76,0
12643.0,1808,124.50999999999999,0
12644.0,325,86.94,0
12645.0,1072,192.26,0
12646.0,897,107.42,0
12647.0,1420,696.66,0
12648.0,160,66.62,0
12649.0,574,86.91,0
12650.0,254,38.69,0
12651.0,78,20.200000000000003,0
12652.0,502,144.52,0
12653.0,919,111.41,0
12654.0,264,167.98,0
12656.0,1708,582.23,0
12657.0,654,284.53,0
12658.0,320,148.12,0
12659.0,105,26.54,0
12660.0,127,50.25,0
12662.0,2040,741.49,0
12664.0,1202,428.14,0
12665.0,36,21.75,0
12666.0,-56,8.06,0
12667.0,395,119.6,0
12668.0,1595,571.84,0
12669.0,1114,2524.18,0
12670.0,1391,301.0,0
12672.0,78,37.9,0
12673.0,351,122.99000000000001,0
12674.0,1102,290.68,0
12676.0,670,316.27,0
12678.0,10899,1084.8700000000001,0
12679.0,530,215.13,0
12680.0,443,189.17,0
12681.0,7518,2061.71,0
12682.0,5575,1968.83,0
12683.0,4903,1018.24,0
12684.0,1985,266.28,0
12685.0,1523,482.15,0
12686.0,107,22.81,0
12688.0,3028,705.33,0
12689.0,628,205.34,0
12690.0,106,88.42999999999999,0
12691.0,394,161.15,0
12693.0,250,225.87,0
12694.0,509,144.36,0
12695.0,220,129.21,0
12697.0,499,210.67,0
12700.0,2963,738.13,0
12701.0,678,163.81,0
12702.0,53,65.3,0
12703.0,161,58.35,0
12704.0,1003,645.7,0
12705.0,3973,984.25,0
12707.0,256,106.81,0
12708.0,1270,724.47,0
12709.0,3832,966.07,0
12710.0,849,227.77,0
12712.0,1044,939.13,0
12713.0,508,95.13,0
12714.0,3069,619.5,0
12715.0,197,71.44,0
12716.0,708,183.94,0
12717.0,505,306.85,0
12718.0,203,51.72,0
12719.0,361,149.5,0
12720.0,4654,987.0600000000001,0
12721.0,1954,509.48,0
12722.0,560,251.27,0
12723.0,434,220.96,0
12724.0,445,197.22,0
12725.0,164,98.5,0
12726.0,3143,261.23,0
12727.0,2085,466.43,0
12728.0,419,214.79,0
12729.0,233,96.24000000000001,0
12731.0,8366,930.75,0
12732.0,111,42.27,0
12733.0,137,74.2,0
12734.0,88,4.74,0
12735.0,368,232.89999999999998,0
12736.0,173,22.32,0
12738.0,148,43.45,0
12739.0,486,152.32,0
12740.0,342,56.0,0
12743.0,319,407.17,0
12744.0,5234,25108.89,0
12747.0,1275,449.89,0
12748.0,24210,15115.6,1
12749.0,1422,1171.5,0
12750.0,137,69.3,0
12752.0,2262,121.59,0
12753.0,11250,536.39,0
12754.0,6479,132.5,0
12755.0,866,40.199999999999996,0
12756.0,144,2.9699999999999998,0
12757.0,2385,8035.24,0
12758.0,2135,164.96,0
12759.0,902,305.47,0
12762.0,1227,188.79,0
12763.0,316,31.89,0
12764.0,386,242.44,0
12766.0,3646,951.95,0
12769.0,356,142.6,0
12770.0,743,31.5,0
12772.0,556,203.54,0
12775.0,853,257.57,0
12778.0,824,193.47,0
12779.0,1996,586.61,0
12781.0,592,88.15,0
12782.0,1070,405.36,0
12783.0,622,1649.24,0
12784.0,300,165.29,0
12785.0,128,69.67999999999999,0
12787.0,261,79.96000000000001,0
12789.0,4,91.85,0
12790.0,166,82.92,0
12791.0,97,16.85,0
12792.0,217,87.74,0
12793.0,295,93.84,0
12794.0,592,93.47,0
12795.0,68,107.73,0
12797.0,79,75.57,0
12798.0,5256,8.379999999999999,0
12802.0,302,64.25,0
12808.0,188,113.29,0
12809.0,219,115.18,0
12811.0,230,127.8,0
12812.0,164,31.03,0
12814.0,49,41.79,0
12815.0,379,253.87,0
12816.0,128,256.15,0
12817.0,53,48.29,0
12818.0,923,101.77,0
12820.0,722,112.38,0
12821.0,70,14.99,0
12822.0,548,138.81,0
12823.0,230,38.25,0
12824.0,232,63.39,0
12826.0,1054,180.37,0
12827.0,197,71.7,0
12828.0,494,173.04,0
12829.0,375,154.0,0
12830.0,9847,107.52,0
12831.0,135,27.6,0
12832.0,195,79.08,0
12833.0,156,130.59,0
12834.0,110,88.09,0
12836.0,1064,750.37,0
12837.0,24,80.95,0
12838.0,359,285.33,0
12839.0,3804,609.1,0
12840.0,1505,237.56,0
12841.0,2683,1045.72,0
12842.0,547,147.23000000000002,0
12843.0,753,368.41,0
12844.0,125,136.82,0
12845.0,204,75.34,0
12847.0,909,121.87,0
12849.0,623,147.62,0
12851.0,109,97.33,0
12852.0,145,70.9,0
12853.0,782,357.54,0
12854.0,622,340.56,0
12855.0,30,4.65,0
12856.0,1076,815.88,0
12857.0,343,190.55,0
12863.0,186,25.37,0
12864.0,216,1.97,0
12865.0,877,296.74,0
12866.0,171,114.81,0
12867.0,4274,738.97,0
12868.0,928,279.45,0
12870.0,-2,14.899999999999999,0
12871.0,200,23.22,0
12872.0,319,164.71,0
12873.0,128,16.15,0
12875.0,2019,0.34,0
12876.0,1941,191.63,0
12877.0,1178,292.43,0
12878.0,536,98.03,0
12879.0,363,24.22,0
12881.0,21,230.8,0
12882.0,246,83.69,0
12883.0,196,248.93,0
12884.0,43,111.89,0
12885.0,654,272.06,0
12886.0,761,322.07,0
12888.0,68,41.53,0
12890.0,259,148.66,0
12891.0,950,1.1,0
12893.0,96,75.17,0
12895.0,204,79.4,0
12897.0,110,10.8,0
12901.0,20915,189.19,1
12902.0,66,56.19,0
12904.0,302,222.12,0
12906.0,1749,160.77,0
12908.0,0,2.09,0
12909.0,1270,642.61,0
12910.0,1692,156.96,0
12912.0,670,65.26,0
12913.0,1419,146.24,0
12915.0,93,149.35,0
12916.0,1111,450.15,0
12917.0,120,9.9,0
12919.0,668,144.12,0
12920.0,129,107.55,0
12921.0,9454,1772.04,0
12922.0,370,45.58,0
12923.0,69,85.16,0
12924.0,480,99.4,0
12925.0,541,103.96,0
12928.0,1472,163.18,0
12929.0,36,69.7,0
12930.0,250,80.77,0
12931.0,23377,175.53,1
12933.0,498,281.83,0
12935.0,1852,266.42,0
12936.0,539,128.61,0
12937.0,1007,284.6,0
12938.0,140,11.44,0
12939.0,4876,112.96000000000001,0
12940.0,406,411.35,0
12942.0,203,310.34000000000003,0
12943.0,-1,3.75,0
12944.0,289,95.66,0
12945.0,165,113.85,0
12947.0,1157,438.96999999999997,0
12948.0,1077,347.7,0
12949.0,2363,625.61,0
12950.0,1380,31.95,0
12951.0,500,204.63,0
12952.0,652,325.9,0
12953.0,84,113.0,0
12955.0,3642,310.94,0
12956.0,34,82.94,0
12957.0,2531,691.23,0
12962.0,129,47.77,0
12963.0,873,314.96,0
12965.0,283,399.36,0
12966.0,75,34.230000000000004,0
12967.0,243,189.59,0
12968.0,73,16.45,0
12970.0,310,306.65,0
12971.0,9203,714.85,0
12974.0,24,61.6,0
12976.0,561,33.76,0
12977.0,12,38.07,0
12980.0,864,396.03000000000003,0
12981.0,242,32.47,0
12982.0,278,59.28,0
12984.0,26,15.4,0
12985.0,1413,145.84,0
12987.0,217,184.8,0
12988.0,136,378.14,0
12989.0,2915,213.11,0
12990.0,200,26.65,0
12991.0,405,71.51,0
12993.0,240,57.72,0
12994.0,440,304.81,0
12995.0,98,7.99,0
12997.0,648,211.21,0
12999.0,342,71.38,0
13000.0,379,93.39,0
13001.0,5497,828.49,0
13002.0,73,19.75,0
13003.0,103,13.5,0
13004.0,4796,822.5,0
13005.0,167,157.9,0
13006.0,55,21.18,0
13008.0,115,25.13,0
13011.0,13,12.65,0
13012.0,671,361.4,0
13013.0,2217,701.75,0
13014.0,886,649.72,0
13015.0,1617,886.26,0
13016.0,527,149.14,0
13017.0,48,4.25,0
13018.0,5434,1003.49,0
13021.0,1336,509.5,0
13023.0,286,182.1,0
13026.0,1586,36.69,0
13027.0,17280,10.4,1
13028.0,796,47.27,0
13029.0,134,73.88,0
13030.0,394,314.81,0
13032.0,367,278.01,0
13033.0,83,29.05,0
13034.0,369,87.77,0
13035.0,627,55.34,0
13037.0,431,183.43,0
13038.0,360,77.23,0
13040.0,355,120.57000000000001,0
13043.0,251,88.78999999999999,0
13044.0,429,107.54,0
13045.0,221,28.27,0
13046.0,264,215.0,0
13047.0,1355,798.3,0
13048.0,1230,252.93,0
13049.0,268,55.07,0
13050.0,3707,1300.17,0
13052.0,222,59.29,0
13055.0,891,196.1,0
13058.0,52,46.6,0
13059.0,35,41.75,0
13060.0,123,59.74,0
13061.0,107,34.03,0
13062.0,343,75.00999999999999,0
13064.0,516,245.31,0
13065.0,74,73.11,0
13066.0,320,172.27,0
13067.0,32,57.9,0
13068.0,200,3.44,0
13069.0,5466,809.53,0
13070.0,110,18.72,0
13072.0,69,23.450000000000003,0
13075.0,485,44.87,0
13077.0,863,196.65,0
13078.0,5557,1510.2,0
13079.0,62,25.0,0
13080.0,120,3.4699999999999998,0
13081.0,19021,2489.93,1
13082.0,4313,220.02,0
13083.0,187,61.32,0
13085.0,108,100.88,0
13089.0,30787,5166.45,1
13090.0,2194,722.1899999999999,0
13091.0,450,25.41,0
13092.0,271,127.69999999999999,0
13093.0,3943,583.51,0
13094.0,1542,38.31,0
13095.0,144,4.16,0
13097.0,2341,1886.86,0
13098.0,15911,1713.6,1
13099.0,288,0.72,0
13101.0,113,23.74,0
13102.0,4160,797.54,0
13103.0,82,31.74,0
13104.0,504,43.43,0
13106.0,14,8.5,0
13107.0,1288,107.76,0
13108.0,298,17.52,0
13109.0,514,135.24,0
13110.0,384,695.73,0
13113.0,2594,1033.48,0
13115.0,1534,343.84,0
13116.0,290,151.6,0
13117.0,945,185.01,0
13118.0,389,291.41,0
13120.0,12,2.55,0
13121.0,227,88.64,0
13122.0,585,145.01,0
13124.0,2147,781.02,0
13126.0,2130,315.92,0
13127.0,127,43.28,0
13130.0,32,4.5,0
13131.0,443,154.10999999999999,0
13132.0,20,14.8,0
13133.0,32,37.4,0
13134.0,1044,328.79,0
13135.0,4300,0.72,0
13136.0,1312,410.31,0
13137.0,2225,1393.66,0
13138.0,473,177.76,0
13139.0,2418,607.41,0
13140.0,186,135.64000000000001,0
13141.0,1547,300.28,0
13142.0,258,68.93,0
13144.0,21,18.65,0
13145.0,142,311.51,0
13146.0,154,34.46,0
13147.0,144,19.8,0
13148.0,1828,1269.95,0
13149.0,1280,247.84,0
13151.0,361,424.76,0
13153.0,418,19.17,0
13154.0,-1,611.86,0
13155.0,497,247.52,0
13157.0,1430,166.45,0
13158.0,784,158.84,0
13159.0,1045,334.74,0
13160.0,56,12.1,0
13161.0,29,38.9,0
13162.0,1663,118.5,0
13165.0,1376,33.64,0
13166.0,214,99.3,0
13167.0,785,191.64,0
13168.0,680,423.7,0
13169.0,272,49.17,0
13170.0,147,49.48,0
13171.0,227,227.65,0
13173.0,277,113.81,0
13174.0,1395,1063.67,0
13176.0,453,199.98,0
13177.0,91,59.75,0
13178.0,3570,542.34,0
13182.0,201,7.54,0
13183.0,2208,191.07,0
13184.0,1662,337.93,0
13185.0,12,5.95,0
13186.0,804,268.89,0
13187.0,95,139.32,0
13188.0,25,19.15,0
13189.0,842,11.36,0
13192.0,595,165.60999999999999,0
13193.0,50,83.24,0
13194.0,26,7.95,0
13196.0,1224,275.86,0
13198.0,2645,554.88,0
13199.0,6172,316.25,0
13200.0,516,155.28,0
13203.0,800,131.33,0
13207.0,130,18.330000000000002,0
13208.0,786,349.43,0
13209.0,4232,761.1,0
13210.0,316,33.26,0
13211.0,874,80.62,0
13212.0,309,539.32,0
13213.0,1357,246.39,0
13216.0,297,7.24,0
13217.0,114,16.150000000000002,0
13218.0,88,4.6499999999999995,0
13220.0,196,95.17,0
13221.0,244,330.95,0
13223.0,88,9.8,0
13224.0,1512,250.79,0
13225.0,3352,87.43,0
13226.0,80,43.39,0
13227.0,99,23.4,0
13228.0,200,3.58,0
13229.0,63,40.6,0
13230.0,1544,1466.18,0
13232.0,778,678.35,0
13233.0,1004,31.73,0
13235.0,440,1087.33,0
13236.0,411,157.78,0
13238.0,296,137.38,0
13239.0,363,33.41,0
13240.0,298,221.99,0
13242.0,130,27.04,0
13243.0,233,209.81,0
13244.0,38,101.19,0
13245.0,125,99.7,0
13246.0,1552,263.22,0
13247.0,328,52.69,0
13248.0,305,69.87,0
13249.0,546,78.91,0
13253.0,1572,41.11,0
13255.0,174,67.42999999999999,0
13256.0,12540,0.0,0
13258.0,287,139.22,0
13259.0,132,200.83,0
13260.0,142,39.74,0
13261.0,210,49.4,0
13262.0,125,34.02,0
13263.0,4780,3760.4700000000003,0
13265.0,1752,215.91,0
13266.0,4299,376.87,0
13267.0,1939,786.27,0
13268.0,3635,703.37,0
13269.0,3509,833.85,0
13270.0,200,2.95,0
13271.0,181,117.29,0
13272.0,96,80.09,0
13273.0,153,20.77,0
13276.0,161,152.93,0
13277.0,176,11.6,0
13278.0,537,88.64,0
13279.0,70,30.630000000000003,0
13280.0,522,222.73,0
13282.0,289,186.07,0
13283.0,90,9.15,0
13284.0,79,57.589999999999996,0
13285.0,2051,399.21999999999997,0
13291.0,233,111.9,0
13292.0,347,115.72999999999999,0
13294.0,453,199.2,0
13295.0,81,38.15,0
13296.0,78,12.04,0
13297.0,963,175.7,0
13298.0,96,7.5,0
13299.0,30,23.75,0
13300.0,201,54.33,0
13301.0,345,213.65,0
13302.0,5,12.75,0
13304.0,238,66.4,0
13305.0,1232,272.33,0
13307.0,4,3.75,0
13308.0,840,180.93,0
13309.0,1544,173.14,0
13310.0,575,258.81,0
13311.0,305,107.14,0
13313.0,851,166.32,0
13314.0,484,259.82,0
13316.0,6947,380.09000000000003,0
13317.0,1003,557.79,0
13318.0,304,57.14,0
13319.0,4686,1689.42,0
13320.0,1066,201.59,0
13321.0,372,23.37,0
13322.0,117,69.26,0
13323.0,175,95.55,0
13324.0,5200,228.07,0
13325.0,240,36.34,0
13327.0,1588,300.25,0
13328.0,680,31.919999999999998,0
13329.0,427,41.81,0
13330.0,751,107.08,0
13332.0,179,63.74,0
13334.0,1774,784.2,0
13336.0,559,127.62,0
13338.0,247,165.33,0
13339.0,326,282.72,0
13340.0,5770,369.87,0
13341.0,301,175.65,0
13343.0,126,141.32999999999998,0
13344.0,971,596.01,0
13345.0,139,124.8,0
13347.0,205,60.16,0
13348.0,136,30.88,0
13349.0,225,64.42,0
13350.0,284,401.03,0
13351.0,117,103.97,0
13352.0,315,95.26,0
13354.0,604,94.28,0
13355.0,314,87.23,0
13356.0,325,181.28,0
13357.0,322,262.57,0
13358.0,285,145.19,0
13359.0,159,137.55,0
13362.0,1379,586.13,0
13363.0,710,230.24,0
13364.0,0,51.96,0
13365.0,1238,413.51,0
13366.0,144,0.39,0
13368.0,327,142.61,0
13369.0,127,105.94,0
13370.0,336,166.19,0
13372.0,159,138.47,0
13373.0,1651,516.67,0
13375.0,441,121.84,0
13376.0,493,285.13,0
13379.0,601,169.78,0
13381.0,2027,530.92,0
13382.0,131,41.28,0
13384.0,2415,496.98,0
13385.0,281,158.66,0
13388.0,281,209.58,0
13389.0,429,196.09,0
13390.0,224,39.79,0
13391.0,4,14.95,0
13394.0,2215,269.1,0
13395.0,336,57.199999999999996,0
13396.0,592,188.98,0
13397.0,429,156.95,0
13398.0,281,89.17,0
13402.0,479,77.21000000000001,0
13403.0,44,8.75,0
13404.0,111,31.91,0
13405.0,165,146.551,0
13408.0,16119,1614.5,1
13410.0,513,74.44,0
13411.0,72,58.75,0
13414.0,1574,44.17,0
13416.0,142,103.65,0
13417.0,162,177.98,0
13418.0,3839,925.9399999999999,0
13419.0,275,16.19,0
13420.0,88,31.89,0
13421.0,1180,219.3,0
13422.0,1321,389.84000000000003,0
13425.0,1123,205.46,0
13426.0,2224,307.85,0
13427.0,545,47.85,0
13428.0,156,145.96,0
13429.0,1390,81.79,0
13430.0,738,94.13,0
13431.0,672,147.97,0
13434.0,300,16.52,0
13435.0,2125,304.36,0
13436.0,76,69.96,0
13437.0,1283,816.46,0
13439.0,242,93.17,0
13441.0,204,25.04,0
13447.0,577,195.23,0
13448.0,1638,635.48,0
13449.0,222,36.57,0
13450.0,1982,109.35,0
13451.0,2143,941.06,0
13452.0,2,590.0,0
13453.0,134,77.28999999999999,0
13455.0,345,253.81,0
13456.0,756,228.95,0
13458.0,5460,967.51,0
13460.0,286,18.02,0
13461.0,1170,42.35,0
13462.0,61,38.75,0
13464.0,403,131.43,0
13466.0,258,58.26,0
13467.0,584,270.45,0
13468.0,2581,1266.62,0
13470.0,100,16.5,0
13471.0,1590,651.96,0
13473.0,260,79.14,0
13474.0,132,148.65,0
13475.0,1012,248.42000000000002,0
13476.0,414,655.84,0
13477.0,1018,210.44,0
13479.0,133,79.65,0
13481.0,1127,258.88,0
13482.0,116,26.83,0
13483.0,160,10.559999999999999,0
13484.0,44,60.0,0
13485.0,277,55.78,0
13486.0,669,200.79,0
13487.0,265,151.34,0
13488.0,4512,1505.79,0
13489.0,560,19.84,0
13491.0,903,290.0,0
13492.0,408,225.08,0
13493.0,380,103.17,0
13494.0,162,65.97,0
13495.0,814,137.26,0
13496.0,329,111.74,0
13497.0,159,63.25,0
13499.0,1358,95.83,0
13500.0,585,238.26,0
13501.0,557,204.01999999999998,0
13502.0,264,32.36,0
13503.0,248,37.08,0
13504.0,178,81.44,0
13505.0,2461,770.46,0
13506.0,321,80.09,0
13507.0,1597,543.38,0
13508.0,24,62.31,0
13509.0,1106,60.03,0
13510.0,1382,277.58,0
13512.0,143,62.03,0
13513.0,109,36.85,0
13514.0,40,16.700000000000003,0
13515.0,681,127.76,0
13516.0,985,129.7,0
13517.0,1360,417.65000000000003,0
13518.0,392,104.57,0
13519.0,22,62.7,0
13520.0,1642,467.25,0
13521.0,736,790.98,0
13522.0,44,16.35,0
13523.0,1745,1268.23,0
13524.0,324,93.56,0
13525.0,394,23.41,0
13527.0,1673,638.66,0
13529.0,74,83.98,0
13531.0,174,99.87,0
13532.0,129,146.73,0
13533.0,204,146.93,0
13534.0,2876,971.14,0
13536.0,2136,576.07,0
13538.0,175,186.91,0
13539.0,314,159.47,0
13544.0,127,256.08,0
13546.0,359,216.02,0
13548.0,441,349.05,0
13549.0,457,182.22,0
13551.0,12,30.6,0
13552.0,1386,507.97,0
13555.0,2660,324.8,0
13557.0,546,50.23,0
13558.0,344,386.66,0
13560.0,64,98.52,0
13561.0,83,49.65,0
13562.0,757,314.65000000000003,0
13563.0,209,417.13,0
13564.0,659,1951.9299999999998,0
13565.0,172,65.31,0
13566.0,575,332.8,0
13568.0,70,132.05,0
13569.0,164,268.02,0
13570.0,161,56.77,0
13571.0,1759,588.83,0
13572.0,534,148.58,0
13573.0,303,92.23,0
13575.0,449,98.8,0
13576.0,2640,416.85,0
13577.0,771,259.15,0
13579.0,176,97.99,0
13581.0,30,44.800000000000004,0
13583.0,725,106.64,0
13584.0,37,99.94999999999999,0
13587.0,160,94.53999999999999,0
13588.0,2573,249.35,0
13589.0,114,140.73,0
13590.0,1846,166.39000000000001,0
13591.0,485,230.79999999999998,0
13592.0,84,100.16,0
13593.0,707,561.76,0
13594.0,359,41.48,0
13596.0,406,378.97,0
13598.0,57,146.99,0
13599.0,3169,730.88,0
13600.0,324,58.22,0
13601.0,548,184.38,0
13602.0,267,47.4,0
13603.0,164,57.02,0
13606.0,279,97.56,0
13607.0,290,308.76,0
13610.0,514,667.1,0
13611.0,762,179.35,0
13614.0,570,758.75,0
13615.0,183,80.86,0
13617.0,300,122.75,0
13618.0,246,13.46,0
13621.0,343,21.45,0
13623.0,286,333.64,0
13626.0,209,40.67,0
13627.0,1266,287.26,0
13629.0,4372,137.13,0
13630.0,1377,168.67,0
13631.0,460,74.72,0
13632.0,1036,467.59,0
13634.0,704,626.15,0
13635.0,677,149.16,0
13636.0,586,239.73,0
13637.0,409,238.95,0
13638.0,93,23.94,0
13639.0,800,57.72,0
13642.0,173,214.57999999999998,0
13643.0,273,67.05,0
13644.0,2060,469.57,0
13645.0,158,16.849999999999998,0
13647.0,894,270.21,0
13649.0,139,73.4,0
13650.0,918,316.14,0
13651.0,33,36.35,0
13652.0,578,196.77,0
13654.0,2182,419.43,0
13655.0,605,186.46,0
13656.0,490,84.23,0
13657.0,209,47.89,0
13658.0,1009,500.15,0
13659.0,879,411.23,0
13662.0,538,192.52,0
13663.0,91,58.5,0
13666.0,41,44.9,0
13667.0,154,211.83,0
13668.0,3637,1478.95,0
13669.0,237,24.76,0
13670.0,282,46.92,0
13672.0,-1,138.41,0
13673.0,119,214.62,0
13675.0,330,47.57,0
13678.0,924,6.3,0
13680.0,1267,480.41,0
13681.0,360,165.44,0
13682.0,10,21.25,0
13684.0,38,55.34,0
13685.0,5056,27.330000000000002,0
13686.0,70,9.3,0
13689.0,512,10.2,0
13690.0,67,53.75,0
13692.0,1224,159.17,0
13693.0,-6,22.1,0
13694.0,61803,1163.81,2
13695.0,1603,238.22,0
13697.0,177,16.72,0
13699.0,66,88.29,0
13700.0,2304,312.39,0
13703.0,10,9.95,0
13704.0,1528,450.31,0
13705.0,363,213.04,0
13706.0,189,55.480000000000004,0
13707.0,351,214.24,0
13708.0,306,104.93,0
13709.0,3501,1244.8,0
13710.0,176,9.33,0
13711.0,140,49.14,0
13712.0,352,12.35,0
13715.0,555,251.35,0
13716.0,138,29.81,0
13717.0,1958,221.18,0
13718.0,173,66.35,0
13719.0,609,195.96,0
13720.0,501,136.7,0
13721.0,316,79.83,0
13722.0,1400,251.42,0
13723.0,43,31.7,0
13725.0,659,495.55,0
13726.0,1054,45.199999999999996,0
13727.0,162,58.82,0
13728.0,458,343.46,0
13730.0,488,139.24,0
13731.0,278,163.0,0
13732.0,498,52.14,0
13735.0,1083,849.09,0
13736.0,493,422.99,0
13737.0,125,115.46000000000001,0
13739.0,54,16.45,0
13740.0,425,36.71,0
13741.0,217,179.77,0
13742.0,1116,1328.64,0
13743.0,1775,47.379999999999995,0
13744.0,1249,122.92,0
13745.0,486,16.99,0
13747.0,8,9.95,0
13748.0,439,111.9,0
13750.0,516,120.49,0
13751.0,152,31.770000000000003,0
13752.0,876,233.33,0
13753.0,512,62.8,0
13754.0,214,28.049999999999997,0
13755.0,1241,1051.22,0
13756.0,3164,390.52,0
13758.0,1844,384.69,0
13759.0,287,84.07,0
13760.0,197,113.12,0
13761.0,642,206.46,0
13762.0,0,17.64,0
13763.0,725,55.97,0
13764.0,932,566.59,0
13767.0,7258,1495.38,0
13769.0,1152,523.44,0
13771.0,1476,315.33,0
13772.0,546,436.11,0
13774.0,192,72.4,0
13777.0,12804,520.74,0
13778.0,70,29.7,0
13780.0,318,147.24,0
13781.0,30,77.47,0
13782.0,371,403.48,0
13784.0,2493,81.78,0
13786.0,136,13.25,0
13787.0,337,76.81,0
13790.0,748,34.73,0
13791.0,828,21.29,0
13792.0,92,46.1,0
13798.0,23514,907.66,1
13799.0,402,83.08,0
13800.0,331,84.28,0
13801.0,168,90.95,0
13802.0,2281,186.68,0
13803.0,121,49.69,0
13804.0,1498,422.44,0
13805.0,1900,7.71,0
13806.0,56,52.33,0
13807.0,36,36.05,0
13808.0,782,285.24,0
13809.0,29,85.3,0
13810.0,311,1344.23,0
13811.0,67,564.0,0
13812.0,333,129.1,0
13813.0,550,308.95,0
13814.0,862,180.68,0
13815.0,2557,455.92,0
13816.0,260,141.55,0
13817.0,211,77.27,0
13819.0,1109,72.13,0
13821.0,153,194.21,0
13822.0,611,171.89,0
13823.0,439,156.82,0
13824.0,768,126.63,0
13826.0,80,72.14999999999999,0
13827.0,141,348.21,0
13828.0,311,28.57,0
13829.0,-12,8.5,0
13831.0,745,292.85,0
13832.0,25,10.6,0
13833.0,118,142.1,0
13835.0,442,176.03,0
13837.0,183,41.760000000000005,0
13838.0,263,539.84,0
13841.0,100,0.85,0
13842.0,1768,833.12,0
13844.0,196,49.21,0
13845.0,182,17.59,0
13846.0,383,207.42,0
13848.0,3700,2.31,0
13849.0,1016,305.42,0
13850.0,941,227.82,0
13851.0,1705,181.35,0
13853.0,304,108.71,0
13854.0,2278,528.0699999999999,0
13856.0,484,22.99,0
13858.0,75,47.69,0
13859.0,129,80.86,0
13860.0,589,270.06,0
13862.0,1682,245.89000000000001,0
13863.0,219,53.8,0
13865.0,204,117.07,0
13866.0,57,23.630000000000003,0
13867.0,513,240.59,0
13868.0,1964,61.19,0
13869.0,1721,903.99,0
13870.0,1320,398.33,0
13871.0,2801,1268.26,0
13873.0,138,109.97,0
13874.0,180,99.1,0
13875.0,1316,203.68,0
13876.0,36,35.8,0
13877.0,108,3.53,0
13878.0,475,167.59,0
13880.0,1842,443.57,0
13881.0,10062,483.22,0
13882.0,950,239.77,0
13883.0,1368,534.57,0
13884.0,297,212.35,0
13885.0,182,110.9,0
13886.0,126,60.88,0
13887.0,147,73.23,0
13888.0,258,164.87,0
13889.0,146,57.5,0
13890.0,826,394.57,0
13892.0,983,29.95,0
13893.0,190,130.2,0
13894.0,339,78.76,0
13895.0,1364,351.32,0
13897.0,200,33.11,0
13898.0,133,31.37,0
13899.0,156,57.59,0
13900.0,430,133.89,0
13901.0,1739,557.33,0
13904.0,332,34.42,0
13908.0,1470,360.74,0
13911.0,2731,353.6,0
13914.0,379,96.72,0
13917.0,228,36.4,0
13918.0,1140,65.56,0
13919.0,437,87.96,0
13922.0,93,34.92,0
13923.0,185,59.49,0
13924.0,1532,386.21999999999997,0
13925.0,327,304.09,0
13926.0,104,71.87,0
13927.0,214,56.61,0
13928.0,129,155.72,0
13929.0,139,57.599999999999994,0
13930.0,274,27.89,0
13931.0,721,120.32000000000001,0
13932.0,72,97.65,0
13933.0,205,79.59,0
13934.0,390,98.8,0
13936.0,324,42.64,0
13937.0,123,15.25,0
13938.0,70,7.09,0
13939.0,843,56.21,0
13940.0,516,152.95,0
13941.0,2307,181.68,0
13946.0,443,18.47,0
13947.0,44,14.65,0
13948.0,40,11.85,0
13949.0,2474,233.06,0
13950.0,321,168.89,0
13951.0,459,136.08,0
13952.0,1425,546.541,0
13953.0,2724,45.86,0
13954.0,141,181.86,0
13955.0,154,99.53,0
13956.0,491,520.25,0
13958.0,-23,38.95,0
13959.0,357,202.76,0
13960.0,142,25.26,0
13962.0,87,77.21,0
13963.0,460,114.38000000000001,0
13967.0,42,7.2,0
13969.0,4483,1865.24,0
13971.0,1818,354.1,0
13972.0,187,38.19,0
13973.0,109,41.32,0
13974.0,249,61.51,0
13975.0,1725,747.65,0
13976.0,154,35.68,0
13978.0,315,18.16,0
13979.0,639,98.94,0
13980.0,172,43.06,0
13982.0,1132,258.46,0
13983.0,1170,684.1999999999999,0
13984.0,271,34.8,0
13985.0,3439,840.09,0
13986.0,430,24.2,0
13988.0,3025,719.25,0
13989.0,1313,107.64,0
13990.0,190,42.56,0
13991.0,996,130.71,0
13992.0,64,5.85,0
13993.0,892,704.02,0
13994.0,940,590.83,0
13995.0,867,192.42,0
13999.0,2231,489.63,0
14000.0,707,29.89,0
14001.0,959,142.16,0
14002.0,877,113.34,0
14004.0,2668,486.33,0
14005.0,2478,185.24,0
14006.0,641,71.12,0
14009.0,361,122.31,0
14012.0,160,31.15,0
14013.0,462,46.98,0
14014.0,1076,22.15,0
14015.0,378,62.14,0
14016.0,2124,648.63,0
14019.0,1034,177.08,0
14020.0,441,111.11,0
14021.0,192,99.05,0
14022.0,487,36.27,0
14023.0,345,89.0,0
14024.0,150,59.22,0
14027.0,62,12.86,0
14029.0,198,65.49,0
14030.0,1479,985.23,0
14031.0,5370,1185.22,0
14032.0,2008,359.26,0
14034.0,315,213.5,0
14035.0,739,185.48,0
14036.0,268,166.13,0
14037.0,46,96.9,0
14038.0,963,179.38,0
14039.0,92,12.2,0
14040.0,1524,917.85,0
14041.0,94,39.29,0
14044.0,308,536.23,0
14045.0,535,25.4,0
14046.0,460,7.57,0
14047.0,377,164.03,0
14048.0,274,193.62,0
14049.0,3846,1290.9,0
14050.0,689,83.09,0
14051.0,3741,1008.5,0
14052.0,89,161.4,0
14053.0,215,5.51,0
14054.0,62,9.08,0
14055.0,216,44.53,0
14056.0,4232,3172.58,0
14057.0,4708,552.77,0
14059.0,128,18.5,0
14060.0,5374,291.44,0
14062.0,5593,313.65,0
14064.0,1350,128.41,0
14066.0,45,30.55,0
14067.0,361,148.85,0
14068.0,73,98.2,0
14071.0,900,792.43,0
14073.0,128,33.59,0
14075.0,754,77.97,0
14076.0,81,92.42,0
14077.0,268,111.97,0
14078.0,310,174.23,0
14079.0,301,39.28,0
14080.0,48,3.8,0
14081.0,593,493.97,0
14082.0,110,75.04,0
14083.0,732,507.93,0
14085.0,3183,1093.28,0
14087.0,250,110.78,0
14088.0,12593,3376.44,1
14089.0,134,30.9,0
14090.0,72,1.06,0
14092.0,2061,593.62,0
14093.0,406,156.42,0
14096.0,16335,41376.33,1
14098.0,104,35.8,0
14099.0,2177,659.59,0
14100.0,64,88.10000000000001,0
14101.0,6942,60.55,0
14102.0,938,177.83,0
14104.0,72,166.60999999999999,0
14105.0,798,221.79,0
14107.0,1788,330.02,0
14108.0,380,108.92,0
14109.0,56,38.55,0
14110.0,2455,372.77,0
14111.0,457,41.05,0
14112.0,1608,461.93,0
14113.0,635,107.86,0
14114.0,101,94.69,0
14116.0,707,234.12,0
14117.0,72,3.75,0
14119.0,-2,9.95,0
14121.0,2078,394.73,0
14124.0,1618,1.79,0
14125.0,1640,527.94,0
14126.0,458,61.86,0
14127.0,321,174.22,0
14128.0,564,87.17,0
14129.0,592,142.19,0
14130.0,258,191.98,0
14132.0,3366,346.5,0
14133.0,342,111.36,0
14135.0,3850,331.31,0
14138.0,610,108.65,0
14139.0,510,37.9,0
14140.0,809,127.88,0
14141.0,337,158.18,0
14142.0,313,38.95,0
14143.0,30,38.4,0
14145.0,636,59.400000000000006,0
14146.0,1886,653.19,0
14147.0,96,24.0,0
14148.0,16,22.65,0
14149.0,129,123.94,0
14150.0,496,43.74,0
14152.0,699,56.88,0
14154.0,465,410.44,0
14155.0,25,32.7,0
14156.0,57025,6544.29,2
14157.0,273,108.43,0
14158.0,781,63.0,0
14159.0,4395,1810.56,0
14161.0,455,343.13,0
14162.0,142,97.23,0
14163.0,893,246.38,0
14164.0,1033,45.07,0
14165.0,54,80.94,0
14167.0,150,223.52,0
14171.0,167,167.41,0
14173.0,150,126.92999999999999,0
14174.0,94,50.37,0
14175.0,1461,620.08,0
14176.0,207,112.25,0
14177.0,204,187.51,0
14178.0,1505,556.92,0
14179.0,330,464.24,0
14180.0,710,2332.49,0
14184.0,127,130.04,0
14185.0,6,179.2,0
14188.0,1145,138.18,0
14189.0,3919,605.24,0
14191.0,3657,533.0600000000001,0
14193.0,445,114.41,0
14194.0,5783,2032.61,0
14195.0,702,42.8,0
14196.0,142,19.59,0
14198.0,280,204.44,0
14199.0,28,11.799999999999999,0
14201.0,578,104.1,0
14204.0,82,105.82000000000001,0
14205.0,99,163.15,0
14206.0,274,45.89,0
14208.0,114,35.269999999999996,0
14209.0,688,462.46,0
14210.0,759,394.22,0
14211.0,1232,339.18,0
14212.0,1152,11.27,0
14213.0,-244,24.45,0
14214.0,748,160.98,0
14215.0,1354,242.83,0
14216.0,594,278.26,0
14217.0,677,605.34,0
14218.0,160,17.28,0
14219.0,78,16.02,0
14220.0,272,71.32000000000001,0
14221.0,2190,636.28,0
14222.0,607,69.98,0
14223.0,583,241.94,0
14224.0,514,455.21999999999997,0
14226.0,1301,221.88,0
14227.0,1811,525.57,0
14229.0,590,145.95,0
14231.0,402,235.28,0
14232.0,1937,213.46,0
14233.0,671,99.36,0
14234.0,963,252.98,0
14235.0,1947,163.67000000000002,0
14236.0,310,30.98,0
14237.0,38,64.1,0
14238.0,111,18.299999999999997,0
14239.0,986,430.85,0
14240.0,418,144.47,0
14241.0,146,19.55,0
14242.0,123,59.53,0
14243.0,1204,584.33,0
14245.0,971,348.95,0
14246.0,804,223.01,0
14247.0,47,78.24,0
14248.0,102,24.42,0
14250.0,1200,276.08,0
14251.0,1674,161.4,0
14256.0,410,223.25,0
14257.0,1677,303.41,0
14258.0,7098,435.97,0
14259.0,68,14.15,0
14261.0,406,263.33,0
14262.0,1645,298.97,0
14264.0,66,124.54,0
14265.0,330,181.75,0
14267.0,461,287.71,0
14270.0,197,132.55,0
14271.0,88,24.91,0
14272.0,599,74.83,0
14273.0,264,72.06,0
14276.0,723,192.99,0
14277.0,1624,872.14,0
14280.0,52,37.87,0
14282.0,2668,249.65,0
14284.0,157,165.2,0
14285.0,541,130.15,0
14286.0,4306,439.81,0
14287.0,236,23.07,0
14288.0,187,60.85,0
14289.0,292,251.28,0
14290.0,913,376.16,0
14291.0,2748,624.46,0
14292.0,1643,361.73,0
14293.0,709,134.59,0
14295.0,82,21.15,0
14297.0,861,156.57,0
14298.0,58021,2455.5,2
14299.0,2013,573.8,0
14300.0,32,4.1499999999999995,0
14301.0,600,21.53,0
14304.0,54,112.25,0
14305.0,1069,264.84000000000003,0
14306.0,1073,146.36,0
14307.0,2058,447.56,0
14309.0,1619,308.82,0
14311.0,125,147.76999999999998,0
14312.0,1012,308.68,0
14314.0,296,5.33,0
14315.0,1010,381.06,0
14317.0,255,74.34,0
14320.0,239,82.48,0
14321.0,2406,174.5,0
14323.0,340,123.92,0
14326.0,99,26.65,0
14327.0,139,31.05,0
14329.0,3075,776.92,0
14331.0,252,84.53999999999999,0
14332.0,481,55.03,0
14333.0,52,159.7,0
14334.0,1730,545.98,0
14335.0,379,144.24,0
14336.0,1759,145.36,0
14338.0,329,128.91,0
14339.0,150,35.19,0
14340.0,58,17.6,0
14341.0,1401,337.4,0
14342.0,337,75.0,0
14344.0,477,300.02,0
14345.0,50,20.94,0
14346.0,605,276.14,0
14348.0,183,53.32,0
14349.0,86,71.9,0
14350.0,166,46.45,0
14351.0,12,4.25,0
14352.0,538,181.7,0
14353.0,64,8.2,0
14354.0,210,11.14,0
14355.0,92,31.35,0
14356.0,266,146.68,0
14357.0,148,79.96000000000001,0
14359.0,363,228.2,0
14360.0,1151,365.85,0
14362.0,100,95.47,0
14364.0,1967,208.8,0
14367.0,4410,1700.53,0
14368.0,36,49.0,0
14371.0,34,15.1,0
14373.0,17,46.5,0
14375.0,194,140.92,0
14377.0,219,100.65,0
14379.0,292,99.44,0
14381.0,146,91.16,0
14382.0,1237,211.0,0
14383.0,817,196.23,0
14385.0,159,22.630000000000003,0
14386.0,54,27.200000000000003,0
14387.0,819,473.5,0
14388.0,1933,532.91,0
14389.0,702,123.08,0
14390.0,2125,912.19,0
14393.0,13,26.950000000000003,0
14395.0,1689,1003.32,0
14396.0,225,191.76,0
14397.0,1852,194.75,0
14400.0,450,47.17,0
14401.0,4505,260.48,0
14403.0,513,174.57,0
14404.0,831,320.76,0
14406.0,77,30.36,0
14407.0,1412,305.89,0
14408.0,1616,202.5,0
14409.0,1158,153.54000000000002,0
14410.0,293,714.7,0
14411.0,196,114.45,0
14412.0,784,107.78999999999999,0
14413.0,68,64.55,0
14414.0,2509,92.66,0
14415.0,2973,1806.34,0
14416.0,326,23.36,0
14418.0,1711,265.44,0
14419.0,487,515.86,0
14420.0,333,46.06,0
14421.0,365,71.15,0
14422.0,2906,623.87,0
14423.0,120,5.949999999999999,0
14424.0,48,6.71,0
14426.0,2339,846.92,0
14427.0,228,33.78,0
14428.0,428,609.87,0
14431.0,122,123.88,0
14432.0,2070,554.21,0
14434.0,368,53.42,0
14436.0,129,19.06,0
14437.0,59,111.65,0
14438.0,82,14.35,0
14439.0,526,207.39,0
14440.0,588,258.63,0
14441.0,430,369.8,0
14442.0,475,428.33,0
14443.0,931,247.21,0
14446.0,933,538.63,0
14447.0,571,180.36,0
14448.0,104,54.35,0
14449.0,757,427.66,0
14450.0,241,111.62,0
14451.0,389,214.68,0
14452.0,119,193.92000000000002,0
14453.0,49,83.1,0
14456.0,2901,1737.26,0
14457.0,88,5.0200000000000005,0
14459.0,760,127.15,0
14460.0,869,14.879999999999999,0
14461.0,766,669.93,0
14462.0,932,703.48,0
14463.0,179,35.86,0
14465.0,405,367.67,0
14466.0,1006,273.15,0
14467.0,278,248.27,0
14470.0,193,208.07,0
14472.0,1160,777.25,0
14473.0,88,28.75,0
14474.0,139,199.26,0
14475.0,428,163.59,0
14476.0,132,62.15,0
14477.0,719,20.71,0
14479.0,117,72.3,0
14480.0,143,39.02,0
14481.0,489,59.82,0
14482.0,1646,351.7,0
14483.0,95,20.62,0
14484.0,210,29.34,0
14485.0,71,126.1,0
14487.0,734,372.19,0
14488.0,793,109.74,0
14489.0,299,53.31,0
14491.0,139,77.22,0
14493.0,1279,372.1,0
14494.0,92,11.629999999999999,0
14495.0,62,12.05,0
14496.0,159,107.43,0
14497.0,233,147.78,0
14498.0,1098,541.89,0
14499.0,501,380.25,0
14500.0,117,43.5,0
14501.0,119,24.650000000000002,0
14502.0,1483,1524.53,0
14503.0,2004,437.26,0
14504.0,308,372.65,0
14505.0,2743,2334.58,0
14506.0,730,1063.41,0
14507.0,588,307.04,0
14508.0,131,195.64000000000001,0
14511.0,772,181.97,0
14512.0,122,106.07,0
14513.0,355,46.37,0
14514.0,589,235.53,0
14515.0,1134,282.58,0
14517.0,91,96.0,0
14518.0,278,43.19,0
14520.0,146,12.83,0
14522.0,525,43.04,0
14523.0,251,32.64,0
14524.0,676,820.66,0
14525.0,2662,968.14,0
14527.0,2049,5996.64,0
14528.0,278,35.53,0
14529.0,348,450.81,0
14530.0,1410,897.79,0
14532.0,284,359.90000000000003,0
14533.0,2777,94.49000000000001,0
14534.0,1925,1838.32,0
14535.0,1825,837.32,0
14536.0,40,91.8,0
14537.0,120,29.630000000000003,0
14538.0,155,63.06,0
14539.0,428,66.53,0
14540.0,421,293.53,0
14541.0,647,273.51,0
14542.0,19,27.05,0
14543.0,600,723.74,0
14544.0,1543,275.52,0
14546.0,1287,1142.54,0
14547.0,2658,1053.88,0
14548.0,256,10.2,0
14549.0,136,179.9,0
14550.0,394,104.85000000000001,0
14551.0,106,47.02,0
14552.0,91,108.76,0
14553.0,493,420.77,0
14554.0,1478,595.48,0
14555.0,130,63.230000000000004,0
14557.0,0,50.88,0
14560.0,1223,374.56,0
14561.0,1014,137.01,0
14562.0,1670,1555.62,0
14565.0,1532,503.84,0
14566.0,800,7.16,0
14567.0,410,125.44,0
14569.0,79,47.04,0
14570.0,95,97.79,0
14572.0,1425,835.88,0
14573.0,538,1091.49,0
14576.0,12,2.95,0
14577.0,353,325.13,0
14578.0,240,58.83,0
14581.0,217,26.91,0
14582.0,73,20.34,0
14583.0,792,658.83,0
14584.0,379,354.66,0
14585.0,91,57.7,0
14586.0,236,17.42,0
14587.0,759,916.45,0
14589.0,5,23.85,0
14591.0,1297,553.71,0
14592.0,415,335.32,0
14593.0,332,313.6,0
14594.0,185,177.51,0
14595.0,978,296.08,0
14597.0,577,81.18,0
14598.0,189,76.08,0
14600.0,125,134.07,0
14601.0,168,10.04,0
14603.0,400,3.3,0
14606.0,5978,7839.02,0
14607.0,7998,251.64,0
14608.0,437,84.5,0
14609.0,7026,0.49,0
14616.0,104,10.32,0
14618.0,261,73.34,0
14619.0,145,104.89999999999999,0
14620.0,188,92.23,0
14621.0,987,295.53,0
14622.0,146,67.46000000000001,0
14623.0,417,415.65,0
14624.0,162,26.92,0
14625.0,330,285.34,0
14626.0,1387,434.96,0
14627.0,-5,21.85,0
14628.0,272,109.09,0
14629.0,376,573.25,0
14631.0,622,97.74,0
14632.0,96,20.32,0
14633.0,96,108.05,0
14636.0,241,85.07000000000001,0
14638.0,166,66.55,0
14639.0,1428,839.15,0
14640.0,829,439.38,0
14641.0,90,9.030000000000001,0
14642.0,76,6.01,0
14643.0,755,50.45,0
14644.0,252,138.03,0
14645.0,381,108.66,0
14646.0,196719,5400.21,3
14647.0,95,71.16,0
14649.0,1018,507.05,0
14651.0,344,295.48,0
14652.0,53,86.6,0
14653.0,950,786.8,0
14655.0,1088,133.74,0
14656.0,120,221.48,0
14657.0,465,354.37,0
14658.0,47,162.06,0
14659.0,1183,785.89,0
14660.0,228,70.76,0
14661.0,35,15.8,0
14662.0,602,399.88,0
14664.0,466,196.29,0
14665.0,500,500.31,0
14666.0,161,25.999999999999996,0
14667.0,5382,1793.92,0
14669.0,775,460.02,0
14670.0,337,215.49,0
14672.0,454,178.22,0
14673.0,1004,177.23,0
14675.0,341,227.47,0
14676.0,2498,76.96000000000001,0
14679.0,-1,2.55,0
14680.0,12474,776.31,0
14681.0,76,50.45,0
14682.0,80,1.3,0
14684.0,853,713.45,0
14687.0,470,34.05,0
14688.0,3222,753.2,0
14689.0,76,28.35,0
14690.0,163,149.31,0
14691.0,707,260.32,0
14692.0,255,200.35,0
14693.0,34,27.8,0
14696.0,1626,327.28000000000003,0
14697.0,181,71.22,0
14698.0,615,603.27,0
14699.0,77,17.69,0
14700.0,1342,272.2,0
14701.0,909,1087.42,0
14702.0,1444,1321.31,0
14703.0,183,45.13,0
14704.0,1082,926.51,0
14705.0,100,1.79,0
14708.0,615,88.96,0
14709.0,2482,544.96,0
14710.0,378,288.6,0
14711.0,966,1703.02,0
14712.0,315,82.7,0
14713.0,1613,840.78,0
14714.0,229,32.87,0
14715.0,521,237.3,0
14716.0,604,76.76,0
14719.0,1031,569.33,0
14720.0,219,212.55,0
14722.0,120,87.85,0
14723.0,695,624.8,0
14725.0,593,228.6,0
14727.0,62,70.84,0
14729.0,197,153.3,0
14730.0,1132,1265.42,0
14731.0,256,94.6,0
14732.0,1402,508.99,0
14733.0,3725,859.21,0
14735.0,2160,759.51,0
14737.0,345,61.44,0
14738.0,576,199.35,0
14739.0,3817,124.97,0
14740.0,729,276.51,0
14741.0,841,153.58,0
14744.0,625,89.69,0
14745.0,1020,117.45,0
14747.0,82,121.35,0
14748.0,1192,181.12,0
14752.0,260,12.52,0
14753.0,211,107.95,0
14754.0,486,91.76,0
14755.0,2217,982.82,0
14756.0,416,132.22,0
14757.0,160,74.56,0
14758.0,419,472.69,0
14759.0,569,550.2,0
14760.0,28,20.25,0
14761.0,118,25.0,0
14762.0,341,28.02,0
14764.0,175,10.8,0
14765.0,135,116.09,0
14766.0,1323,374.31,0
14768.0,34,22.5,0
14769.0,7406,2970.44,0
14770.0,490,179.11,0
14772.0,82,31.580000000000002,0
14775.0,1174,63.11,0
14776.0,2688,131.2,0
14777.0,-9,7.550000000000001,0
14778.0,306,109.95,0
14779.0,84,279.8,0
14780.0,310,74.7,0
14782.0,114,15.100000000000001,0
14784.0,237,57.910000000000004,0
14785.0,84,2.83,0
14788.0,421,77.66,0
14789.0,116,12.34,0
14790.0,699,68.0,0
14792.0,0,12.4,0
14793.0,88,50.56,0
14794.0,669,336.14,0
14795.0,17,44.0,0
14796.0,5942,2322.33,0
14798.0,150,17.52,0
14799.0,146,63.559999999999995,0
14800.0,3634,868.3,0
14801.0,175,145.34,0
14803.0,370,127.01,0
14804.0,121,50.89,0
14805.0,115,272.98,0
14806.0,330,20.29,0
14808.0,2054,1236.84,0
14810.0,1016,593.66,0
14813.0,67,84.79,0
14815.0,744,87.71000000000001,0
14816.0,5,265.9,0
14817.0,655,222.48,0
14818.0,324,180.07,0
14819.0,109,53.69,0
14820.0,253,93.46,0
14821.0,20,5.050000000000001,0
14823.0,88,296.43,0
14824.0,525,69.44,0
14825.0,991,332.01,0
14828.0,2172,48.51,0
14829.0,414,98.0,0
14830.0,169,68.99,0
14834.0,731,265.03000000000003,0
14836.0,45,16.75,0
14837.0,1430,192.66,0
14840.0,31,12.2,0
14841.0,1778,440.85,0
14842.0,1146,1121.61,0
14844.0,1833,406.01,0
14847.0,120,48.79,0
14849.0,5656,954.78,0
14850.0,285,37.25,0
14851.0,325,64.88,0
14852.0,1747,437.1,0
14853.0,81,63.85,0
14854.0,1822,379.48,0
14855.0,267,93.4,0
14856.0,714,206.77,0
14857.0,455,263.88,0
14859.0,669,182.19,0
14860.0,230,10.78,0
14861.0,117,16.41,0
14862.0,772,103.42,0
14863.0,132,22.23,0
14865.0,108,2.61,0
14866.0,6569,342.72,0
14867.0,327,144.85,0
14868.0,1399,422.2,0
14869.0,549,216.62,0
14870.0,119,39.6,0
14871.0,185,308.47,0
14873.0,168,139.84,0
14875.0,554,222.34,0
14878.0,802,323.59,0
14880.0,373,175.69,0
14881.0,316,23.34,0
14882.0,158,43.45,0
14883.0,789,69.66,0
14885.0,724,19.03,0
14886.0,160,56.3,0
14887.0,1100,9.67,0
14888.0,184,44.2,0
14889.0,90,22.6,0
14890.0,51,20.35,0
14891.0,505,54.53,0
14893.0,799,228.82,0
14894.0,265,65.31,0
14895.0,4823,2134.16,0
14896.0,279,103.11,0
14897.0,468,278.71,0
14898.0,1008,353.28,0
14901.0,659,308.14,0
14902.0,209,64.46,0
14903.0,1491,1022.29,0
14904.0,1985,51.02,0
14905.0,274,41.78,0
14907.0,1686,584.86,0
14908.0,132,32.65,0
14910.0,221,103.59,0
14911.0,77180,31060.66,2
14912.0,970,80.94,0
14913.0,1743,105.53,0
14915.0,105,49.57,0
14916.0,1132,142.66,0
14918.0,675,157.17000000000002,0
14920.0,509,214.63,0
14921.0,953,154.06,0
14923.0,418,151.60999999999999,0
14924.0,64,156.65,0
14929.0,136,24.830000000000002,0
14930.0,1166,532.86,0
14931.0,416,791.0600000000001,0
14932.0,80,160.64,0
14934.0,1041,313.64,0
14935.0,935,26.22,0
14936.0,4083,1358.79,0
14937.0,483,119.85,0
14944.0,2801,519.04,0
14946.0,22,14.05,0
14947.0,179,43.18,0
14948.0,661,179.71,0
14950.0,135,108.62,0
14951.0,311,37.9,0
14952.0,3295,521.67,0
14953.0,225,129.15,0
14954.0,127,269.87,0
14957.0,34,20.89,0
14958.0,129,245.73,0
14959.0,491,95.34,0
14960.0,221,48.7,0
14961.0,3692,920.61,0
14962.0,44,32.7,0
14963.0,1176,450.51,0
14964.0,143,44.26,0
14965.0,365,196.56,0
14966.0,187,74.13,0
14967.0,140,17.55,0
14968.0,127,71.79,0
14970.0,250,209.93,0
14971.0,644,496.33,0
14972.0,28,89.05,0
14973.0,369,680.3100000000001,0
14974.0,44,72.81,0
14975.0,380,11.17,0
14976.0,230,291.04,0
14978.0,525,975.82,0
14981.0,97,11.68,0
14984.0,60,177.97,0
14985.0,260,166.02,0
14987.0,128,10.2,0
14988.0,141,101.87,0
14995.0,103,158.78,0
14997.0,1102,16.58,0
14998.0,270,183.93,0
15000.0,218,218.26,0
15002.0,862,292.04,0
15004.0,630,489.12,0
15005.0,4204,2729.28,0
15006.0,302,276.2,0
15007.0,69,37.93,0
15009.0,642,447.39,0
15010.0,184,63.370000000000005,0
15012.0,231,334.53,0
15014.0,151,60.660000000000004,0
15016.0,76,91.46000000000001,0
15017.0,63,65.25,0
15018.0,188,241.68,0
15019.0,159,155.98,0
15021.0,829,1265.6,0
15022.0,543,399.74,0
15023.0,2863,2152.43,0
15024.0,920,438.1,0
15025.0,189,193.46,0
15026.0,285,132.95,0
15027.0,563,146.5,0
15028.0,459,95.37,0
15030.0,372,20.810000000000002,0
15031.0,401,351.33,0
15032.0,2668,104.05,0
15033.0,1692,1078.9,0
15034.0,2411,1174.97,0
15035.0,245,57.47,0
15036.0,327,267.73,0
15038.0,187,547.91,0
15039.0,9191,4811.72,0
15041.0,104,136.01,0
15042.0,30,27.93,0
15043.0,300,5.37,0
15044.0,2786,2156.79,0
15045.0,106,95.78,0
15046.0,3307,573.87,0
15047.0,222,49.94,0
15048.0,183,246.08,0
15049.0,63,5.49,0
15050.0,1184,212.17,0
15051.0,1011,321.57,0
15052.0,82,105.34,0
15053.0,986,111.97,0
15054.0,198,195.26,0
15057.0,668,89.79,0
15058.0,1069,790.51,0
15059.0,602,754.77,0
15060.0,263,209.13,0
15061.0,28590,1043.84,1
15062.0,763,117.52,0
15063.0,56,42.85,0
15065.0,1355,799.39,0
15066.0,279,249.53,0
15067.0,954,259.3,0
15068.0,364,265.8,0
15069.0,520,316.64,0
15070.0,36,2.95,0
15071.0,269,120.84,0
15073.0,277,195.62,0
15074.0,455,92.84,0
15075.0,447,89.45,0
15076.0,571,149.34,0
15078.0,5069,1094.53,0
15079.0,388,218.43,0
15081.0,188,176.01999999999998,0
15083.0,38,33.35,0
15087.0,470,30.54,0
15088.0,457,320.19,0
15089.0,1359,481.39,0
15090.0,208,81.92,0
15091.0,343,59.870000000000005,0
15092.0,135,139.83,0
15093.0,3733,315.46,0
15095.0,1077,124.14,0
15096.0,120,34.23,0
15097.0,170,56.65,0
15098.0,60,40278.899999999994,0
15099.0,343,47.690000000000005,0
15100.0,58,65.69999999999999,0
15101.0,239,26.19,0
15103.0,329,197.64000000000001,0
15104.0,635,399.29,0
15105.0,1211,243.49,0
15106.0,1144,256.96,0
15107.0,162,118.69,0
15108.0,497,294.05,0
15109.0,127,182.9,0
15110.0,240,279.8,0
15111.0,710,309.32,0
15113.0,2362,220.52,0
15114.0,3096,305.96,0
15115.0,157,78.34,0
15116.0,648,124.3,0
15117.0,1947,177.87,0
15118.0,1440,0.17,0
15119.0,88,108.2,0
15120.0,292,107.06,0
15121.0,199,118.35,0
15122.0,788,279.05,0
15123.0,1195,323.67,0
15124.0,233,33.07,0
15125.0,5991,498.05,0
15127.0,251,29.41,0
15128.0,1326,242.05,0
15129.0,1794,244.04,0
15130.0,197,53.24,0
15132.0,679,107.26,0
15133.0,680,64.15,0
15134.0,887,167.96,0
15135.0,41,38.3,0
15136.0,775,144.07,0
15139.0,208,17.61,0
15140.0,1567,213.47,0
15142.0,365,62.9,0
15143.0,150,39.67,0
15144.0,3026,631.53,0
15145.0,756,228.72,0
15146.0,1459,143.32,0
15147.0,363,88.5,0
15148.0,187,50.71,0
15149.0,128,136.85,0
15150.0,3633,1005.05,0
15152.0,2694,982.32,0
15153.0,198,102.64999999999999,0
15154.0,97,307.53,0
15156.0,597,156.26,0
15157.0,2242,247.35,0
15158.0,198,12.950000000000001,0
15159.0,11394,2041.89,0
15160.0,84,6.99,0
15163.0,186,70.68,0
15164.0,360,303.37,0
15165.0,160,134.65,0
15167.0,67,109.65,0
15168.0,52,16.69,0
15171.0,190,23.95,0
15172.0,1611,229.67000000000002,0
15174.0,145,17.04,0
15175.0,454,17.03,0
15178.0,30,4.05,0
15179.0,1907,248.22,0
15180.0,36,19.6,0
15181.0,542,32.81,0
15182.0,253,86.25,0
15184.0,223,201.53,0
15185.0,666,48.88,0
15186.0,215,64.22,0
15187.0,1869,291.2,0
15189.0,6035,1011.77,0
15192.0,918,128.25,0
15193.0,144,121.55,0
15194.0,5648,792.8,0
15195.0,1404,2.75,0
15197.0,453,134.9,0
15198.0,120,18.75,0
15199.0,396,59.8,0
15201.0,962,158.28,0
15203.0,1753,178.66,0
15204.0,258,21.64,0
15205.0,377,140.74,0
15206.0,162,24.15,0
15208.0,314,205.93,0
15210.0,228,126.82000000000001,0
15211.0,240,285.78,0
15212.0,33,29.549999999999997,0
15213.0,270,38.94,0
15214.0,1254,266.37,0
15215.0,211,247.19,0
15216.0,28,9.6,0
15218.0,3329,513.44,0
15219.0,45,88.95,0
15220.0,1377,303.58,0
15221.0,25,140.15,0
15222.0,440,6.72,0
15223.0,98,122.61,0
15224.0,150,56.589999999999996,0
15225.0,226,79.35000000000001,0
15226.0,71,30.74,0
15227.0,750,265.55,0
15228.0,2252,401.44,0
15230.0,351,40.980000000000004,0
15232.0,686,31.95,0
15234.0,196,23.560000000000002,0
15235.0,1324,427.65,0
15236.0,269,24.58,0
15237.0,1071,249.52,0
15238.0,689,249.58,0
15239.0,591,112.67,0
15240.0,1361,214.04,0
15241.0,1815,212.97,0
15243.0,185,53.9,0
15244.0,405,79.58,0
15245.0,1784,167.0,0
15246.0,247,98.45,0
15247.0,160,12.5,0
15249.0,3557,997.1,0
15251.0,6084,473.14,0
15252.0,522,90.76,0
15253.0,864,91.76,0
15254.0,275,36.54,0
15255.0,489,129.3,0
15256.0,55,10.9,0
15257.0,45,301.7,0
15258.0,142,191.68,0
15260.0,861,268.31,0
15261.0,270,22.79,0
15262.0,73,32.95,0
15263.0,89,35.49,0
15264.0,265,53.13,0
15265.0,612,375.1,0
15266.0,18,40.5,0
15267.0,944,20.189999999999998,0
15269.0,26,149.95,0
15270.0,1459,291.76,0
15271.0,1257,754.06,0
15272.0,310,259.5,0
15274.0,619,96.77,0
15275.0,497,139.49,0
15276.0,64,125.05,0
15277.0,205,21.25,0
15279.0,185,80.56,0
15280.0,154,12.87,0
15281.0,1193,604.61,0
15286.0,55,13.350000000000001,0
15287.0,432,52.63,0
15288.0,775,292.62,0
15289.0,996,71.97,0
15290.0,4431,687.69,0
15291.0,2074,551.17,0
15292.0,56,115.82,0
15296.0,1757,716.36,0
15297.0,290,113.54,0
15298.0,2752,470.95,0
15299.0,2940,1337.88,0
15300.0,292,80.14,0
15301.0,2768,754.11,0
15303.0,248,119.06,0
15304.0,100,182.9,0
15306.0,810,153.76,0
15307.0,37,80.95,0
15308.0,173,84.84,0
15311.0,37720,6267.75,1
15312.0,513,112.74000000000001,0
15313.0,25,2.08,0
15314.0,313,41.13,0
15315.0,838,33.44,0
15316.0,100,1.65,0
15318.0,642,19.330000000000002,0
15319.0,175,51.86,0
15320.0,326,110.29,0
15321.0,1163,388.63,0
15322.0,365,150.52,0
15325.0,232,53.39,0
15326.0,386,42.11,0
15327.0,116,43.97,0
15329.0,476,240.0,0
15330.0,1312,7.29,0
15332.0,652,99.44,0
15333.0,344,47.42,0
15334.0,274,148.14,0
15335.0,80,101.39,0
15339.0,414,220.66,0
15341.0,812,50.52,0
15342.0,276,59.919999999999995,0
15343.0,84,134.2,0
15344.0,106,245.22,0
15345.0,78,180.45999999999998,0
15346.0,144,43.690000000000005,0
15347.0,130,11.350000000000001,0
15348.0,84,19.02,0
15349.0,327,211.7,0
15350.0,51,13.350000000000001,0
15351.0,732,682.44,0
15353.0,343,208.71,0
15355.0,45,85.60000000000001,0
15356.0,1673,1037.24,0
15358.0,6927,1121.4,0
15360.0,223,30.57,0
15361.0,336,9.41,0
15363.0,143,55.75,0
15364.0,493,57.36,0
15365.0,758,696.26,0
15366.0,621,108.84,0
15367.0,1055,285.5,0
15368.0,230,14.24,0
15369.0,-1,1592.49,0
15370.0,828,369.88,0
15372.0,2924,22.27,0
15373.0,476,725.43,0
15374.0,126,11.45,0
15376.0,619,338.75,0
15379.0,2293,504.65,0
15380.0,374,225.01,0
15381.0,171,49.6,0
15382.0,4003,755.8,0
15384.0,593,82.13,0
15385.0,161,26.64,0
15386.0,446,42.98,0
15388.0,88,20.63,0
15389.0,400,1.25,0
15392.0,1265,181.67,0
15393.0,150,18.94,0
15394.0,910,275.37,0
15395.0,17,45.8,0
15396.0,122,50.39,0
15397.0,20,29.6,0
15398.0,767,199.67000000000002,0
15399.0,611,95.49,0
15400.0,360,26.9,0
15402.0,694,147.32,0
15405.0,193,28.8,0
15406.0,236,205.77,0
15407.0,558,596.1899999999999,0
15408.0,106,152.19,0
15410.0,1200,474.07,0
15411.0,528,413.56,0
15412.0,108,34.71,0
15414.0,443,125.25,0
15415.0,575,83.79,0
15416.0,2089,637.15,0
15417.0,284,52.46,0
15419.0,230,10.489999999999998,0
15421.0,500,141.73,0
15422.0,38,18.1,0
15423.0,101,7.86,0
15424.0,554,29.560000000000002,0
15426.0,663,800.2,0
15427.0,1013,648.43,0
15428.0,102,11.18,0
15429.0,369,172.52,0
15432.0,65,29.09,0
15433.0,399,66.28999999999999,0
15434.0,638,205.76,0
15435.0,54,108.32000000000001,0
15436.0,613,703.66,0
15437.0,79,128.04,0
15438.0,59,88.44,0
15440.0,197,145.0,0
15442.0,120,9.9,0
15443.0,1660,1158.01,0
15444.0,764,613.38,0
15445.0,58,27.75,0
15447.0,85,28.09,0
15448.0,232,100.17999999999999,0
15449.0,810,117.37,0
15450.0,376,65.18,0
15452.0,283,150.21,0
15453.0,845,727.96,0
15454.0,86,69.55,0
15456.0,660,96.3,0
15457.0,132,109.19,0
15458.0,156,8.57,0
15460.0,109,164.04,0
15462.0,172,17.05,0
15463.0,106,12.99,0
15464.0,350,661.11,0
15465.0,1217,720.23,0
15466.0,246,108.8,0
15467.0,306,120.68,0
15468.0,150,136.71,0
15469.0,150,178.15,0
15471.0,266,153.94,0
15472.0,251,173.98,0
15473.0,552,36.9,0
15475.0,319,52.98,0
15478.0,585,162.07,0
15480.0,303,191.87,0
15482.0,2998,482.98,0
15483.0,295,143.71,0
15484.0,3136,410.94,0
15485.0,1306,273.62,0
15488.0,73,16.06,0
15489.0,593,163.65,0
15491.0,1624,600.31,0
15492.0,483,88.86,0
15493.0,555,1337.49,0
15494.0,1148,298.77,0
15497.0,622,55.15,0
15498.0,6084,2517.99,0
15500.0,572,310.17,0
15502.0,3823,7836.84,0
15503.0,74,143.72,0
15504.0,33,29.01,0
15505.0,2348,233.09,0
15506.0,848,292.3,0
15507.0,162,186.45,0
15508.0,440,312.12,0
15510.0,2,125.0,0
15511.0,271,638.94,0
15512.0,68,13.65,0
15513.0,5545,1294.48,0
15514.0,1791,538.06,0
15516.0,27,41.68,0
15517.0,293,48.81,0
15518.0,1262,548.14,0
15520.0,314,31.04,0
15521.0,1674,800.92,0
15522.0,573,54.14,0
15523.0,132,36.31,0
15524.0,4,110.0,0
15525.0,414,496.08,0
15526.0,24,21.979999999999997,0
15527.0,988,616.02,0
15528.0,123,67.8,0
15529.0,3489,1160.59,0
15530.0,950,307.1,0
15531.0,1105,692.66,0
15532.0,508,1036.36,0
15533.0,256,340.53,0
15535.0,129,381.7,0
15537.0,29,92.69,0
15539.0,410,55.09,0
15540.0,200,25.7,0
15541.0,49,60.730000000000004,0
15543.0,86,61.58,0
15544.0,3105,416.33,0
15545.0,163,218.05,0
15547.0,4032,1827.52,0
15549.0,688,381.43,0
15550.0,295,171.04,0
15551.0,218,113.99,0
15552.0,60,30.330000000000002,0
15553.0,451,134.98000000000002,0
15554.0,74,67.35,0
15555.0,4410,1563.83,0
15556.0,236,55.489999999999995,0
15557.0,219,71.19,0
15561.0,256,143.02,0
15562.0,39,3.45,0
15563.0,1460,224.97,0
15565.0,60,36.53,0
15567.0,223,22.65,0
15568.0,461,135.49,0
15569.0,666,67.12,0
15570.0,2058,1240.06,0
15571.0,264,153.99,0
15572.0,1229,783.38,0
15573.0,363,297.01,0
15574.0,349,422.75,0
15576.0,404,161.15,0
15577.0,89,119.36,0
15578.0,52,31.05,0
15579.0,120,206.38,0
15581.0,286,3610.2,0
15582.0,453,105.47,0
15584.0,312,383.74,0
15585.0,320,70.19,0
15587.0,312,26.25,0
15589.0,242,128.94,0
15590.0,-1,30.19,0
15592.0,354,37.550000000000004,0
15593.0,60,16.65,0
15594.0,982,329.62,0
15596.0,548,366.21,0
15597.0,276,38.35,0
15598.0,156,38.29,0
15599.0,718,98.23,0
15601.0,4978,1126.65,0
15602.0,1001,158.84,0
15603.0,96,1.01,0
15604.0,159,26.240000000000002,0
15605.0,441,307.42,0
15606.0,720,326.97,0
15607.0,202,15.28,0
15608.0,714,195.34,0
15609.0,145,93.84,0
15610.0,66,11.24,0
15611.0,498,258.18,0
15612.0,52,36.85,0
15615.0,5493,1110.37,0
15618.0,428,126.351,0
15619.0,136,13.25,0
15620.0,899,384.71,0
15621.0,463,40.3,0
15622.0,1552,944.23,0
15623.0,125,81.52,0
15624.0,357,124.31,0
15625.0,1166,109.50999999999999,0
15626.0,766,80.7,0
15628.0,1882,358.36,0
15630.0,799,175.58,0
15632.0,2049,486.02,0
15634.0,99,55.9,0
15636.0,284,79.28,0
15637.0,128,45.400000000000006,0
15638.0,-52,9.75,0
15639.0,323,107.71,0
15640.0,6572,1421.29,0
15641.0,1562,227.24,0
15643.0,242,208.24,0
15644.0,557,424.1,0
15645.0,256,153.54,0
15646.0,388,105.75,0
15648.0,213,129.45,0
15649.0,192,8.5,0
15651.0,479,69.07,0
15652.0,208,80.92,0
15653.0,1200,5.4399999999999995,0
15654.0,475,64.49,0
15655.0,319,134.78,0
15656.0,343,207.32999999999998,0
15657.0,24,1.25,0
15658.0,232,358.05,0
15659.0,111,60.05,0
15660.0,1037,221.83,0
15661.0,236,4.55,0
15663.0,106,22.59,0
15664.0,141,74.61,0
15665.0,1666,262.53,0
15667.0,240,20.22,0
15668.0,72,1.06,0
15669.0,339,111.4,0
15670.0,91,37.8,0
15671.0,1681,205.76,0
15673.0,1514,457.13,0
15674.0,1075,1065.22,0
15675.0,527,60.46,0
15676.0,2231,706.53,0
15677.0,319,118.21,0
15678.0,184,24.48,0
15679.0,1170,121.48,0
15680.0,952,188.76,0
15681.0,556,135.22,0
15683.0,131,21.63,0
15687.0,1308,716.81,0
15689.0,84,31.5,0
15690.0,408,12.98,0
15691.0,72,3.8,0
15692.0,138,22.85,0
15694.0,1665,372.09,0
15695.0,212,63.52,0
15696.0,1022,821.53,0
15699.0,113,111.25999999999999,0
15700.0,328,258.63,0
15701.0,923,697.18,0
15703.0,66,14.65,0
15704.0,1028,377.56,0
15705.0,62,36.3,0
15706.0,305,309.29,0
15707.0,605,488.24,0
15708.0,1258,1213.25,0
15709.0,121,14.49,0
15712.0,486,194.34,0
15713.0,149,111.38,0
15714.0,187,107.14999999999999,0
15716.0,744,270.07,0
15717.0,70,17.3,0
15719.0,2724,2063.57,0
15720.0,281,315.66,0
15721.0,409,187.20000000000002,0
15722.0,1021,235.93,0
15723.0,87,106.0,0
15724.0,72,43.5,0
15725.0,221,84.84,0
15727.0,3065,980.94,0
15728.0,-34,16.1,0
15729.0,24,24.5,0
15730.0,683,213.98,0
15732.0,215,26.47,0
15733.0,62,43.5,0
15734.0,346,125.94,0
15737.0,584,328.68,0
15738.0,2967,372.82,0
15739.0,472,20.19,0
15740.0,152,22.25,0
15743.0,216,412.18,0
15744.0,120,0.8699999999999999,0
15745.0,412,277.59,0
15746.0,130,41.83,0
15747.0,480,228.74,0
15748.0,51,78.46000000000001,0
15749.0,9014,46.24,0
15750.0,1779,717.3,0
15752.0,1973,722.04,0
15753.0,144,0.55,0
15754.0,197,77.72,0
15755.0,1397,474.8,0
15756.0,242,475.63,0
15757.0,491,122.83,0
15758.0,47,39.85,0
15759.0,60,36.22,0
15762.0,251,148.07,0
15763.0,268,431.72,0
15764.0,2036,532.9,0
15766.0,170,35.29,0
15768.0,243,253.28,0
15769.0,27660,300.67,1
15773.0,311,13.34,0
15774.0,87,120.05,0
15775.0,68,17.3,0
15776.0,138,75.31,0
15777.0,375,88.78999999999999,0
15780.0,220,120.57000000000001,0
15781.0,178,85.3,0
15782.0,863,283.71,0
15783.0,212,48.11,0
15785.0,1594,282.74,0
15786.0,3331,788.43,0
15787.0,540,445.93,0
15789.0,438,24.96,0
15790.0,114,119.85,0
15791.0,730,252.47,0
15793.0,552,53.81999999999999,0
15795.0,581,128.44,0
15796.0,859,563.95,0
15797.0,873,33.85,0
15799.0,955,222.21,0
15800.0,335,322.81,0
15801.0,562,210.6,0
15802.0,-1,1354.26,0
15803.0,290,13.99,0
15804.0,2515,1121.76,0
15805.0,3337,845.65,0
15806.0,602,62.13,0
15807.0,430,123.9,0
15808.0,1341,754.6,0
15809.0,251,176.66,0
15810.0,737,299.48,0
15811.0,1061,491.76,0
15812.0,922,207.12,0
15813.0,603,151.0,0
15814.0,1247,250.71,0
15815.0,1856,105.86,0
15819.0,1357,246.2,0
15820.0,128,38.24,0
15821.0,202,229.18,0
15822.0,375,111.19,0
15823.0,-283,85.19,0
15825.0,220,176.79,0
15826.0,962,223.19,0
15827.0,842,629.87,0
15829.0,996,53.69,0
15830.0,409,122.84,0
15831.0,1097,186.38,0
15832.0,465,124.75,0
15834.0,961,1249.87,0
15835.0,439,153.65,0
15836.0,24,112.34,0
15837.0,189,98.19,0
15838.0,9007,335.86,0
15839.0,670,148.81,0
15840.0,394,57.9,0
15841.0,926,69.92,0
15843.0,27,57.15,0
15844.0,134,19.73,0
15845.0,1918,390.21,0
15847.0,449,73.7,0
15850.0,302,151.69,0
15852.0,48,73.81,0
15853.0,135,44.08,0
15854.0,939,411.05,0
15855.0,470,150.88,0
15856.0,10941,1183.5,0
15857.0,308,13.2,0
15858.0,1167,440.69,0
15860.0,440,488.41,0
15861.0,2543,1186.67,0
15862.0,585,402.47,0
15863.0,19,66.76,0
15864.0,1044,67.84,0
15865.0,368,224.44,0
15866.0,126,174.25,0
15867.0,2052,1589.46,0
15869.0,175,32.13,0
15870.0,335,136.94,0
15872.0,212,265.34,0
15874.0,2506,759.63,0
15877.0,246,242.3,0
15880.0,187,229.12,0
15881.0,199,103.44,0
15882.0,266,45.980000000000004,0
15883.0,223,144.78,0
15885.0,111,102.35,0
15886.0,147,35.97,0
15888.0,60,32.95,0
15889.0,215,268.77,0
15891.0,442,164.41,0
15894.0,168,82.49000000000001,0
15895.0,94,21.83,0
15897.0,261,50.21,0
15898.0,568,287.85,0
15899.0,39,16.5,0
15900.0,221,103.61,0
15901.0,384,243.55,0
15903.0,2409,166.56,0
15904.0,84,88.6,0
15906.0,538,515.11,0
15907.0,509,644.97,0
15909.0,98,13.02,0
15910.0,1015,484.0,0
15912.0,185,39.82,0
15916.0,752,613.8,0
15917.0,42,61.8,0
15918.0,153,100.57,0
15919.0,545,352.44,0
15920.0,99,129.56,0
15921.0,166,94.68,0
15922.0,136,51.45,0
15923.0,122,59.11,0
15925.0,93,34.75,0
15930.0,139,84.48,0
15932.0,2311,184.75,0
15933.0,885,158.04,0
15935.0,115,327.54,0
15937.0,73,16.6,0
15938.0,240,41.77,0
15939.0,4725,140.63,0
15940.0,3,12.95,0
15942.0,232,37.21,0
15944.0,50,30.5,0
15945.0,52,5.5,0
15947.0,898,116.64,0
15948.0,567,151.29,0
15949.0,284,34.67,0
15950.0,722,366.63,0
15951.0,306,170.63,0
15952.0,399,298.08,0
15953.0,885,289.69,0
15955.0,2124,530.07,0
15957.0,211,117.09,0
15958.0,33,27.89,0
15963.0,298,67.48,0
15965.0,453,279.1,0
15967.0,211,240.88,0
15969.0,120,162.45,0
15970.0,116,28.6,0
15971.0,1717,81.39,0
15973.0,87,39.61,0
15974.0,2256,498.34,0
15975.0,243,51.440000000000005,0
15976.0,277,235.95,0
15977.0,1016,194.96,0
15978.0,888,96.17999999999999,0
15980.0,1560,89.12,0
15981.0,1866,214.15,0
15983.0,892,237.4,0
15984.0,1833,753.8100000000001,0
15985.0,836,67.77,0
15986.0,268,12.559999999999999,0
15987.0,1556,301.65,0
15988.0,181,93.2,0
15990.0,443,158.85,0
15992.0,17,18.33,0
15993.0,2042,1271.81,0
15994.0,177,118.58,0
15996.0,382,525.91,0
15998.0,2037,1295.94,0
16000.0,5110,30.11,0
16003.0,1185,516.9,0
16005.0,300,517.44,0
16006.0,84,12.620000000000001,0
16007.0,1393,687.66,0
16008.0,323,69.68,0
16009.0,378,298.25,0
16010.0,210,191.25,0
16011.0,2042,448.65,0
16012.0,799,243.23,0
16013.0,13845,444.63,1
16014.0,261,413.5,0
16015.0,906,236.72,0
16016.0,618,728.91,0
16017.0,102,85.62,0
16018.0,190,92.51,0
16019.0,1649,556.88,0
16020.0,487,112.45,0
16022.0,261,251.48,0
16023.0,358,316.06,0
16024.0,398,71.35,0
16025.0,338,55.339999999999996,0
16026.0,243,41.14,0
16027.0,1146,298.66,0
16029.0,32148,24111.14,1
16030.0,283,67.1,0
16031.0,423,278.97,0
16033.0,3516,3852.33,0
16034.0,242,56.2,0
16036.0,716,117.35000000000001,0
16037.0,428,121.78,0
16038.0,241,96.64,0
16040.0,684,254.24,0
16041.0,1584,32.339999999999996,0
16042.0,745,235.47,0
16043.0,503,175.77,0
16045.0,897,237.29,0
16048.0,143,25.72,0
16049.0,793,630.23,0
16050.0,278,25.85,0
16052.0,282,84.61,0
16053.0,1793,242.24,0
16054.0,380,279.87,0
16055.0,22,71.9,0
16056.0,347,256.08,0
16057.0,833,567.86,0
16059.0,643,559.68,0
16061.0,-1,29.95,0
16062.0,800,174.24,0
16063.0,262,51.58,0
16065.0,231,138.62,0
16066.0,936,316.24,0
16070.0,457,69.45,0
16071.0,180,57.48,0
16072.0,140,193.19,0
16073.0,37,5.1,0
16076.0,1363,329.49,0
16078.0,16,4.95,0
16079.0,864,62.4,0
16080.0,104,19.61,0
16081.0,1477,635.06,0
16083.0,908,48.82,0
16084.0,216,100.54,0
16085.0,636,398.65,0
16086.0,510,127.67,0
16091.0,154,51.15,0
16092.0,602,116.52,0
16093.0,20,0.85,0
16094.0,633,243.6,0
16096.0,155,159.23000000000002,0
16097.0,87,53.599999999999994,0
16098.0,613,296.45,0
16099.0,434,72.87,0
16101.0,738,214.79,0
16102.0,942,148.13,0
16103.0,558,221.15,0
16104.0,123,97.48,0
16105.0,330,15.34,0
16106.0,74,9.08,0
16107.0,1176,135.31,0
16108.0,599,95.78,0
16109.0,612,28.419999999999998,0
16110.0,733,802.32,0
16112.0,574,8.92,0
16113.0,176,79.53,0
16114.0,43,26.75,0
16115.0,1001,669.36,0
16116.0,246,158.44,0
16117.0,130,73.47,0
16119.0,240,34.11,0
16120.0,866,56.71,0
16121.0,586,416.62,0
16122.0,1128,60.16,0
16123.0,170,49.72,0
16124.0,41,150.4,0
16125.0,124,41.72,0
16126.0,2125,427.44,0
16127.0,323,124.25,0
16128.0,988,215.83,0
16131.0,1802,253.01,0
16133.0,8738,1169.3,0
16134.0,357,76.71,0
16135.0,209,72.3,0
16136.0,440,98.26,0
16138.0,-1,7.95,0
16139.0,330,85.97,0
16140.0,727,75.62,0
16141.0,238,140.65,0
16142.0,422,106.44,0
16143.0,917,486.71,0
16144.0,16,10.95,0
16145.0,3072,518.48,0
16146.0,427,60.74,0
16147.0,246,86.03,0
16148.0,72,1.06,0
16149.0,308,22.57,0
16150.0,1004,422.59,0
16152.0,642,173.31,0
16153.0,1073,266.19,0
16156.0,1270,444.76,0
16157.0,344,66.17,0
16159.0,236,26.2,0
16160.0,1153,38.589999999999996,0
16161.0,2506,1636.0,0
16162.0,4,18.7,0
16163.0,92,32.9,0
16164.0,432,102.69,0
16168.0,1888,329.17,0
16169.0,1325,175.94,0
16170.0,1766,262.97,0
16171.0,24,10.25,0
16172.0,787,133.38,0
16173.0,571,347.66,0
16174.0,651,85.67999999999999,0
16175.0,533,208.37,0
16177.0,95,81.15,0
16178.0,94,25.55,0
16179.0,99,41.06,0
16180.0,5853,430.65,0
16181.0,152,26.53,0
16182.0,3791,59.36,0
16183.0,113,52.730000000000004,0
16184.0,560,183.61,0
16185.0,260,102.37,0
16186.0,3008,402.16,0
16187.0,5004,644.91,0
16188.0,782,148.86,0
16189.0,134,43.379999999999995,0
16190.0,88,43.12,0
16191.0,3203,341.58,0
16193.0,219,44.6,0
16198.0,129,62.691,0
16200.0,523,464.55,0
16201.0,1267,234.15,0
16202.0,191,62.730000000000004,0
16203.0,261,104.4,0
16204.0,231,117.2,0
16205.0,517,218.02,0
16206.0,272,147.8,0
16207.0,140,80.88,0
16208.0,333,208.51,0
16209.0,1179,114.26,0
16210.0,7559,462.19,0
16211.0,153,91.84,0
16212.0,241,190.24,0
16213.0,48,22.9,0
16214.0,420,199.12,0
16215.0,104,60.0,0
16216.0,254,332.69,0
16217.0,76,81.01,0
16218.0,2077,157.63,0
16221.0,717,218.3,0
16222.0,365,441.82,0
16224.0,1116,235.51,0
16225.0,493,320.71,0
16226.0,192,14.14,0
16227.0,88,22.830000000000002,0
16229.0,318,158.15,0
16230.0,365,68.27,0
16232.0,547,93.05,0
16233.0,165,116.67999999999999,0
16235.0,328,230.83,0
16236.0,184,57.550000000000004,0
16239.0,218,50.1,0
16240.0,1634,576.89,0
16241.0,1453,1469.64,0
16242.0,1981,715.28,0
16243.0,110,297.91,0
16244.0,855,233.62,0
16245.0,1008,310.35,0
16247.0,182,43.379999999999995,0
16248.0,78,14.22,0
16249.0,950,240.34,0
16250.0,208,74.12,0
16252.0,-158,67.1,0
16253.0,3137,211.63,0
16255.0,1760,775.8,0
16256.0,577,35.38,0
16257.0,2,46.95,0
16258.0,2994,409.61,0
16260.0,311,96.6,0
16261.0,306,415.34,0
16262.0,-5,17.95,0
16265.0,2627,968.72,0
16266.0,398,240.03,0
16268.0,533,191.66,0
16270.0,688,174.03,0
16271.0,1037,226.54,0
16272.0,224,43.43,0
16274.0,155,286.6,0
16275.0,336,144.77,0
16276.0,420,11.95,0
16278.0,109,242.91,0
16279.0,1052,247.08,0
16281.0,934,40.35,0
16282.0,114,30.05,0
16283.0,1222,406.15,0
16284.0,544,230.91,0
16287.0,298,17.900000000000002,0
16292.0,188,51.53,0
16293.0,978,500.73,0
16295.0,841,297.58,0
16297.0,180,62.78,0
16298.0,198,109.92,0
16302.0,134,20.23,0
16303.0,2621,472.36,0
16305.0,256,37.03,0
16306.0,471,73.46,0
16308.0,8000,1.28,0
16309.0,465,121.46,0
16311.0,394,91.52,0
16313.0,165,49.57,0
16315.0,75,74.92,0
16316.0,1466,897.98,0
16317.0,890,205.57999999999998,0
16318.0,199,47.0,0
16319.0,72,16.85,0
16320.0,732,138.91,0
16321.0,78,56.6,0
16322.0,231,90.2,0
16323.0,50,4.15,0
16324.0,282,251.41,0
16325.0,164,71.93,0
16326.0,689,1581.89,0
16327.0,2571,666.73,0
16330.0,145,113.96,0
16332.0,793,427.63,0
16333.0,32184,47.980000000000004,1
16337.0,87,30.4,0
16338.0,94,41.08,0
16339.0,23,105.15,0
16340.0,501,232.39,0
16341.0,1388,149.55,0
16342.0,157,84.05,0
16343.0,195,128.54999999999998,0
16344.0,18,11.4,0
16345.0,289,163.23,0
16347.0,353,346.13,0
16348.0,819,673.77,0
16349.0,9,53.5,0
16350.0,542,212.01,0
16351.0,90,15.9,0
16352.0,300,54.93,0
16353.0,2006,283.02,0
16354.0,150,122.39,0
16356.0,92,69.69,0
16357.0,246,155.71,0
16358.0,1301,208.38,0
16359.0,1154,791.65,0
16360.0,2128,1571.53,0
16361.0,421,327.3,0
16362.0,325,264.68,0
16363.0,52,14.780000000000001,0
16364.0,280,183.04,0
16365.0,504,262.3,0
16366.0,256,50.92,0
16367.0,647,303.89,0
16368.0,260,183.15,0
16369.0,1035,274.59,0
16370.0,647,657.72,0
16372.0,166,257.8,0
16374.0,240,284.55,0
16376.0,689,325.83,0
16377.0,1500,2.67,0
16378.0,267,41.45,0
16379.0,1408,226.95000000000002,0
16380.0,1524,57.6,0
16383.0,475,232.91,0
16384.0,260,115.6,0
16385.0,261,150.20000000000002,0
16386.0,224,145.99,0
16387.0,44,12.64,0
16389.0,1230,96.12,0
16392.0,203,89.63,0
16393.0,1529,716.82,0
16394.0,2317,112.33,0
16395.0,1476,416.51,0
16398.0,745,508.36,0
16399.0,264,201.93,0
16400.0,172,87.41,0
16401.0,3858,289.0,0
16402.0,149,160.1,0
16403.0,103,24.05,0
16404.0,157,118.8,0
16405.0,187,11.65,0
16406.0,123,111.03,0
16407.0,1124,509.25,0
16409.0,1306,628.22,0
16411.0,132,91.59,0
16412.0,73,72.55,0
16413.0,148,78.31,0
16414.0,27,49.449999999999996,0
16415.0,187,98.15,0
16416.0,655,221.64000000000001,0
16418.0,288,383.75,0
16419.0,435,232.85999999999999,0
16422.0,32592,1248.75,1
16423.0,230,34.480000000000004,0
16424.0,82,28.49,0
16425.0,199,87.61,0
16426.0,1243,776.24,0
16427.0,156,13.4,0
16428.0,-1,2.95,0
16429.0,9,39.900000000000006,0
16430.0,103,26.15,0
16431.0,453,152.19,0
16432.0,276,25.34,0
16433.0,106,32.41,0
16434.0,767,355.08,0
16438.0,463,289.61,0
16440.0,2018,625.77,0
16441.0,173,79.0,0
16442.0,446,389.33,0
16444.0,405,215.45,0
16445.0,111,165.82,0
16446.0,2,7.0600000000000005,0
16447.0,223,106.36,0
16448.0,78,58.39,0
16449.0,359,145.47,0
16450.0,200,16.33,0
16451.0,120,36.61,0
16454.0,2,19.0,0
16455.0,988,208.05,0
16456.0,1148,236.24,0
16457.0,140,24.03,0
16458.0,2154,356.2,0
16460.0,879,226.15,0
16461.0,49,134.44,0
16462.0,12,34.0,0
16463.0,1135,170.89000000000001,0
16464.0,963,592.07,0
16466.0,789,427.71,0
16468.0,31,14.58,0
16469.0,273,528.6800000000001,0
16470.0,530,328.9,0
16471.0,141,29.85,0
16473.0,195,48.96,0
16474.0,918,811.4,0
16475.0,319,143.1,0
16477.0,1415,339.47,0
16478.0,224,50.03,0
16479.0,102,111.2,0
16480.0,455,176.52,0
16482.0,346,24.51,0
16483.0,44,83.8,0
16484.0,194,86.33,0
16485.0,235,129.41,0
16488.0,724,132.09,0
16491.0,478,99.44,0
16493.0,1113,104.10000000000001,0
16494.0,675,74.96,0
16495.0,337,312.15999999999997,0
16496.0,1091,274.01,0
16497.0,1396,497.57,0
16498.0,42,40.47,0
16499.0,122,106.4,0
16500.0,123,188.32,0
16503.0,567,361.08,0
16504.0,524,106.11,0
16505.0,576,5.4,0
16506.0,42,6.55,0
16509.0,64,99.1,0
16510.0,92,69.5,0
16511.0,417,512.53,0
16513.0,407,90.67,0
16515.0,833,293.16,0
16516.0,58,12.7,0
16517.0,96,49.050000000000004,0
16518.0,325,97.58,0
16519.0,54,86.03,0
16520.0,557,433.89,0
16523.0,4233,1102.96,0
16525.0,6493,727.72,0
16526.0,106,84.23,0
16527.0,106,40.92,0
16528.0,171,54.8,0
16529.0,198,93.60000000000001,0
16531.0,915,215.23,0
16532.0,2016,13.93,0
16533.0,514,472.54,0
16535.0,356,93.76,0
16536.0,250,210.16,0
16539.0,477,175.2,0
16542.0,46,15.39,0
16545.0,78,11.3,0
16546.0,-303,53.03,0
16549.0,2365,1997.69,0
16550.0,1526,670.85,0
16551.0,970,62.44,0
16552.0,219,69.87,0
16553.0,4595,196.86,0
16554.0,311,253.51,0
16555.0,175,48.06,0
16556.0,1890,803.76,0
16557.0,111,75.0,0
16558.0,5346,1440.79,0
16560.0,498,224.26,0
16561.0,244,88.61,0
16563.0,486,64.89,0
16565.0,46,15.350000000000001,0
16566.0,361,49.17,0
16567.0,996,75.79,0
16569.0,93,12.96,0
16570.0,2050,437.17,0
16571.0,1176,237.82,0
16572.0,530,220.38,0
16573.0,354,170.29,0
16574.0,416,39.92,0
16579.0,-12,2.55,0
16581.0,122,16.57,0
16582.0,164,9.73,0
16583.0,111,35.9,0
16584.0,635,83.51,0
16586.0,95,37.45,0
16587.0,71,87.2,0
16589.0,368,61.39,0
16591.0,41,44.43,0
16592.0,2914,494.95,0
16593.0,116,130.54,0
16594.0,64,159.95,0
16595.0,335,148.62,0
16596.0,97,49.25,0
16597.0,184,11.35,0
16598.0,70,27.05,0
16600.0,1145,88.87,0
16601.0,134,95.25,0
16602.0,317,78.88,0
16603.0,480,73.32000000000001,0
16607.0,2822,1043.22,0
16609.0,2410,999.88,0
16610.0,66,7.78,0
16611.0,46,46.370000000000005,0
16612.0,506,213.49,0
16613.0,293,86.91,0
16614.0,223,123.67,0
16616.0,370,93.71000000000001,0
16617.0,91,19.55,0
16618.0,1362,365.05,0
16619.0,129,48.36,0
16620.0,88,26.259999999999998,0
16621.0,302,133.14,0
16623.0,39,15.950000000000001,0
16624.0,488,147.54,0
16625.0,164,62.96,0
16626.0,2670,749.16,0
16627.0,162,101.35,0
16628.0,1202,288.47,0
16629.0,493,156.99,0
16633.0,1137,713.18,0
16634.0,82,40.55,0
16637.0,891,195.21,0
16638.0,1254,361.37,0
16639.0,503,183.12,0
16641.0,256,25.66,0
16642.0,478,120.77,0
16643.0,269,98.17,0
16644.0,826,95.35,0
16647.0,146,45.51,0
16648.0,269,27.13,0
16650.0,372,54.07,0
16652.0,3267,503.24,0
16653.0,723,260.36,0
16654.0,280,129.73,0
16655.0,2367,672.21,0
16656.0,8873,189.51,0
16657.0,1229,327.64,0
16658.0,40,24.17,0
16659.0,72,1.24,0
16660.0,451,43.8,0
16665.0,59,48.5,0
16666.0,233,24.19,0
16667.0,237,189.82,0
16668.0,318,25.66,0
16669.0,883,440.75,0
16670.0,2524,781.94,0
16671.0,875,16.82,0
16672.0,2812,431.08,0
16674.0,188,197.42000000000002,0
16676.0,631,464.77,0
16678.0,2368,325.96999999999997,0
16679.0,29,20.75,0
16680.0,94,30.299999999999997,0
16681.0,1407,85.39,0
16682.0,1040,53.089999999999996,0
16684.0,49390,709.93,2
16685.0,396,139.8,0
16686.0,2025,1610.49,0
16688.0,804,172.05,0
16689.0,168,53.88,0
16690.0,137,58.79,0
16692.0,152,165.95,0
16693.0,204,260.99,0
16696.0,146,39.300000000000004,0
16697.0,27,97.45,0
16698.0,840,11.85,0
16700.0,4019,659.72,0
16701.0,6211,334.26,0
16705.0,5458,1284.26,0
16706.0,249,345.04,0
16708.0,285,90.84,0
16709.0,851,429.7,0
16710.0,1836,947.46,0
16711.0,833,76.85,0
16712.0,1749,1327.62,0
16713.0,4264,1978.76,0
16714.0,608,453.94,0
16715.0,642,8.61,0
16716.0,44,22.25,0
16717.0,1568,878.73,0
16718.0,413,105.16,0
16719.0,1202,793.55,0
16720.0,182,62.01,0
16721.0,172,87.44,0
16722.0,4989,279.29,0
16723.0,399,295.58000000000004,0
16725.0,293,556.08,0
16726.0,977,402.27,0
16727.0,177,76.53,0
16728.0,677,619.95,0
16729.0,5769,1559.1,0
16730.0,898,115.73,0
16732.0,317,94.67,0
16734.0,346,187.39,0
16735.0,1554,320.88,0
16737.0,288,1.45,0
16738.0,3,1.25,0
16739.0,169,48.2,0
16742.0,-189,472.65,0
16743.0,2010,283.39,0
16744.0,805,604.66,0
16745.0,6727,689.25,0
16746.0,4662,1252.48,0
16747.0,577,122.93,0
16748.0,880,118.75,0
16750.0,214,362.34,0
16751.0,1031,35.0,0
16752.0,54,122.35,0
16753.0,189,72.16,0
16754.0,4280,1.24,0
16755.0,1058,479.76,0
16756.0,106,47.56,0
16757.0,81,9.54,0
16758.0,203,88.91,0
16759.0,608,140.45,0
16761.0,341,15.56,0
16762.0,618,290.46,0
16763.0,318,124.3,0
16764.0,1247,1708.6200000000001,0
16765.0,4,8.5,0
16766.0,536,96.4,0
16767.0,4435,357.93,0
16768.0,191,233.41,0
16769.0,83,187.75,0
16770.0,452,333.82,0
16771.0,1489,728.29,0
16773.0,171,72.02,0
16774.0,318,120.32000000000001,0
16775.0,440,733.89,0
16776.0,262,147.2,0
16777.0,64,180.19,0
16778.0,194,37.84,0
16779.0,5236,811.09,0
16780.0,271,155.58,0
16781.0,111,101.75,0
16782.0,703,723.85,0
16784.0,24,13.45,0
16788.0,311,358.65,0
16789.0,32,14.45,0
16790.0,892,228.29,0
16791.0,759,943.13,0
16792.0,44,48.019999999999996,0
16793.0,146,38.83,0
16794.0,933,515.54,0
16795.0,239,145.55,0
16796.0,186,31.419999999999998,0
16800.0,540,605.71,0
16801.0,313,733.67,0
16803.0,245,50.480000000000004,0
16804.0,246,192.85,0
16805.0,539,174.86,0
16806.0,378,294.48,0
16807.0,778,172.2,0
16808.0,196,53.64,0
16809.0,651,231.68,0
16810.0,112,69.98,0
16811.0,477,66.32,0
16812.0,81,83.0,0
16813.0,1525,785.95,0
16814.0,2768,1068.91,0
16816.0,274,63.08,0
16817.0,762,360.79,0
16818.0,2163,506.46,0
16820.0,307,97.21,0
16823.0,136,124.38,0
16824.0,236,87.96,0
16825.0,566,92.63,0
16826.0,158,87.67,0
16828.0,59,30.0,0
16829.0,99,33.21,0
16830.0,264,48.99,0
16832.0,33,97.0,0
16833.0,440,150.32,0
16834.0,358,36.15,0
16835.0,61,42.97,0
16836.0,165,23.92,0
16837.0,1562,696.76,0
16838.0,184,287.37,0
16839.0,8470,898.62,0
16841.0,2234,153.71,0
16842.0,692,202.9,0
16843.0,10154,711.1800000000001,0
16846.0,135,29.28,0
16847.0,78,39.69,0
16848.0,182,23.94,0
16849.0,33,40.839999999999996,0
16850.0,249,40.300000000000004,0
16851.0,271,39.269999999999996,0
16852.0,56,74.84,0
16855.0,164,71.05,0
16856.0,12,5.9,0
16858.0,83,66.29,0
16859.0,656,229.56,0
16861.0,133,18.73,0
16863.0,392,46.38,0
16866.0,60,41.89,0
16869.0,581,299.19,0
16871.0,1250,507.55,0
16872.0,600,67.77,0
16873.0,3825,1019.32,0
16875.0,1044,450.66,0
16877.0,463,401.6,0
16878.0,0,9.5,0
16880.0,753,665.83,0
16881.0,600,0.72,0
16882.0,424,107.92,0
16883.0,104,139.99,0
16884.0,320,51.91,0
16885.0,184,348.72,0
16887.0,157,72.83,0
16889.0,925,418.37,0
16891.0,283,634.44,0
16892.0,235,341.34,0
16893.0,62,116.87,0
16895.0,102,167.73,0
16897.0,58,226.44,0
16898.0,386,334.98,0
16899.0,522,423.57,0
16900.0,723,854.46,0
16902.0,629,170.07,0
16903.0,262,140.67000000000002,0
16904.0,2034,1950.26,0
16905.0,1407,760.58,0
16906.0,281,304.06,0
16907.0,298,571.78,0
16909.0,434,65.8,0
16910.0,886,1188.85,0
16912.0,1014,435.61,0
16913.0,82,16.57,0
16914.0,121,100.69,0
16915.0,132,302.11,0
16916.0,440,317.52,0
16917.0,232,34.86,0
16918.0,708,270.35,0
16919.0,1413,913.95,0
16921.0,171,94.05,0
16923.0,3183,2161.05,0
16924.0,480,271.91,0
16926.0,35,97.7,0
16927.0,993,17.44,0
16928.0,2094,428.53,0
16929.0,929,160.13,0
16930.0,341,87.74,0
16931.0,3158,1853.8,0
16932.0,87,115.76,0
16933.0,281,156.87,0
16934.0,399,249.59,0
16936.0,173,106.59,0
16938.0,1025,686.86,0
16940.0,2169,634.03,0
16942.0,807,849.7,0
16943.0,145,225.14,0
16945.0,2725,555.1,0
16947.0,312,54.83,0
16948.0,1614,21.150000000000002,0
16949.0,790,508.8,0
16950.0,644,129.71,0
16951.0,1306,126.1,0
16952.0,92,83.79,0
16953.0,10,2.08,0
16954.0,1054,180.63,0
16955.0,246,106.21,0
16956.0,112,84.07,0
16957.0,172,53.27,0
16959.0,49,21.05,0
16960.0,304,203.76,0
16961.0,125,37.44,0
16963.0,35,23.400000000000002,0
16965.0,291,60.730000000000004,0
16966.0,1978,42.72,0
16967.0,333,23.95,0
16968.0,326,86.91,0
16969.0,816,100.05,0
16971.0,71,443.19,0
16976.0,88,12.01,0
16978.0,166,114.85000000000001,0
16979.0,860,327.12,0
16980.0,788,201.82,0
16982.0,182,53.97,0
16983.0,1366,351.43,0
16984.0,2408,1502.36,0
16985.0,1830,506.21,0
16986.0,1040,5.95,0
16987.0,402,612.11,0
16988.0,43,41.84,0
16989.0,1233,18.0,0
16990.0,100,1.79,0
16992.0,857,366.12,0
16995.0,-1,1.25,0
16996.0,534,122.21000000000001,0
16997.0,360,23.4,0
16998.0,73,19.63,0
16999.0,294,55.83,0
17001.0,2164,516.63,0
17002.0,678,174.45,0
17004.0,819,116.72,0
17006.0,272,164.99,0
17007.0,587,174.11,0
17010.0,116,33.0,0
17011.0,186,26.85,0
17014.0,240,221.23,0
17015.0,1981,307.52,0
17017.0,6613,461.2,0
17018.0,176,99.57,0
17019.0,827,496.7,0
17022.0,108,6.71,0
17024.0,69,4.15,0
17025.0,235,18.060000000000002,0
17026.0,97,16.14,0
17027.0,415,418.95,0
17029.0,400,3.58,0
17030.0,146,29.28,0
17031.0,235,35.35,0
17033.0,750,63.19,0
17034.0,406,105.87,0
17035.0,201,109.16,0
17037.0,652,213.06,0
17038.0,28,97.7,0
17040.0,181,49.51,0
17041.0,947,138.99,0
17042.0,994,178.63,0
17043.0,998,320.65,0
17044.0,487,38.42,0
17045.0,106,109.30000000000001,0
17046.0,510,47.72,0
17047.0,533,229.9,0
17048.0,474,209.91000000000003,0
17049.0,2669,1285.3700000000001,0
17050.0,1614,878.14,0
17051.0,184,78.32,0
17052.0,261,171.47,0
17053.0,121,60.589999999999996,0
17054.0,802,397.28000000000003,0
17058.0,592,233.45,0
17059.0,1855,1371.39,0
17060.0,216,8.86,0
17061.0,1484,512.47,0
17062.0,428,153.29,0
17063.0,763,227.97,0
17064.0,318,228.64000000000001,0
17065.0,-1,112.35,0
17068.0,2154,742.57,0
17069.0,1482,428.73,0
17070.0,133,165.46,0
17071.0,1182,501.34,0
17073.0,759,543.5,0
17075.0,289,316.53000000000003,0
17076.0,295,146.74,0
17078.0,788,16.87,0
17079.0,24,9.9,0
17080.0,164,31.169999999999998,0
17081.0,78,242.9,0
17082.0,1049,342.19,0
17083.0,772,107.73,0
17084.0,1816,468.55,0
17085.0,784,522.52,0
17086.0,1859,207.45,0
17088.0,868,438.04,0
17090.0,920,174.85,0
17091.0,1743,637.22,0
17092.0,1131,282.35,0
17094.0,148,38.0,0
17095.0,613,501.94,0
17096.0,332,235.85999999999999,0
17097.0,457,563.37,0
17100.0,800,126.32,0
17101.0,815,121.01,0
17102.0,2,12.75,0
17105.0,693,175.01,0
17107.0,4537,1401.98,0
17109.0,573,283.34000000000003,0
17110.0,50,62.0,0
17111.0,302,55.26,0
17114.0,210,696.83,0
17115.0,368,201.51,0
17117.0,68,35.7,0
17118.0,154,13.579999999999998,0
17119.0,327,131.96,0
17120.0,120,79.13,0
17122.0,80,13.79,0
17123.0,246,15.95,0
17124.0,130,109.94,0
17125.0,291,138.74,0
17126.0,790,495.34,0
17128.0,76,55.79,0
17131.0,983,471.6,0
17133.0,2730,57.27,0
17134.0,102,130.8,0
17135.0,1224,262.13,0
17138.0,126,117.75,0
17139.0,5163,1854.81,0
17140.0,302,50.05,0
17142.0,81,287.8,0
17144.0,483,253.24,0
17146.0,212,246.09,0
17147.0,878,293.42,0
17148.0,82,14.58,0
17152.0,477,58.06,0
17153.0,104,39.05,0
17154.0,490,25.46,0
17155.0,242,51.36,0
17157.0,169,41.400000000000006,0
17158.0,778,217.45,0
17159.0,1110,245.45,0
17160.0,2856,377.4,0
17162.0,1000,406.57,0
17163.0,66,22.65,0
17164.0,1500,359.27,0
17165.0,100,30.669999999999998,0
17166.0,75,49.28,0
17169.0,519,170.11,0
17171.0,185,38.08,0
17172.0,479,17.17,0
17173.0,1121,330.45,0
17174.0,41,6.65,0
17175.0,865,270.72,0
17176.0,170,41.59,0
17179.0,290,185.15,0
17180.0,680,257.85,0
17181.0,241,69.91,0
17183.0,1264,318.52,0
17186.0,200,1.44,0
17187.0,144,37.65,0
17188.0,1301,253.92,0
17189.0,227,141.2,0
17190.0,160,428.96,0
17191.0,1167,607.92,0
17193.0,1238,84.42,0
17194.0,119,113.44,0
17197.0,191,159.76,0
17198.0,357,278.14,0
17201.0,268,77.96000000000001,0
17203.0,2850,263.45,0
17204.0,589,319.79,0
17205.0,884,6.83,0
17206.0,76,19.52,0
17211.0,1310,691.11,0
17212.0,147,5.54,0
17213.0,1167,679.65,0
17214.0,275,628.17,0
17217.0,24,33.45,0
17218.0,958,797.32,0
17219.0,89,47.13,0
17220.0,1905,1161.42,0
17221.0,288,122.5,0
17222.0,128,83.75,0
17223.0,112,213.85,0
17226.0,406,54.08,0
17227.0,741,64.49000000000001,0
17228.0,1532,359.14,0
17229.0,185,94.42,0
17230.0,1553,270.7,0
17231.0,1736,1520.22,0
17232.0,203,95.63,0
17233.0,131,61.87,0
17234.0,55,51.77,0
17235.0,224,92.2,0
17236.0,474,282.84,0
17237.0,105,61.29,0
17238.0,1822,1521.56,0
17239.0,149,63.55,0
17242.0,611,85.91,0
17243.0,3362,1722.56,0
17244.0,616,52.91,0
17245.0,75,26.15,0
17247.0,106,180.51,0
17248.0,213,131.46,0
17250.0,168,171.8,0
17251.0,110,136.64000000000001,0
17252.0,193,241.24,0
17253.0,43,101.06,0
17254.0,252,168.62,0
17255.0,232,150.09,0
17256.0,141,39.17,0
17259.0,410,289.49,0
17262.0,367,48.33,0
17263.0,36,46.26,0
17265.0,394,295.68,0
17266.0,161,207.61,0
17267.0,159,129.25,0
17268.0,844,6.04,0
17272.0,1776,215.95,0
17274.0,79,47.09,0
17277.0,430,231.26,0
17278.0,179,71.30000000000001,0
17279.0,48,60.629999999999995,0
17282.0,1877,224.53,0
17284.0,1362,483.48,0
17286.0,118,84.25,0
17287.0,559,393.4,0
17288.0,1203,379.8,0
17289.0,519,251.17000000000002,0
17290.0,404,262.44,0
17291.0,72,7.65,0
17293.0,1140,373.42,0
17295.0,294,203.53,0
17297.0,67,112.48,0
17298.0,387,62.410000000000004,0
17299.0,678,92.72,0
17301.0,149,126.12,0
17302.0,573,213.72,0
17303.0,144,155.87,0
17306.0,11470,108.09,0
17307.0,-144,1.06,0
17309.0,41,35.25,0
17311.0,1005,168.45,0
17312.0,372,32.27,0
17313.0,1382,59.300000000000004,0
17314.0,1884,328.08,0
17315.0,3856,1342.54,0
17317.0,1074,31.14,0
17320.0,634,273.18,0
17321.0,373,296.04,0
17323.0,770,294.51,0
17324.0,844,138.28,0
17325.0,60,9.799999999999999,0
17329.0,142,136.27,0
17330.0,120,26.93,0
17331.0,16,10.95,0
17333.0,375,49.62,0
17334.0,314,15.3,0
17337.0,1240,1264.35,0
17338.0,3123,2122.12,0
17339.0,152,26.57,0
17340.0,5902,1615.4,0
17341.0,489,388.1,0
17343.0,56,79.94,0
17344.0,66,90.67,0
17345.0,346,239.01,0
17346.0,1639,1216.42,0
17347.0,216,1.06,0
17348.0,1401,364.46,0
17349.0,112,27.79,0
17350.0,759,174.12,0
17351.0,113,154.59,0
17353.0,1200,11.6,0
17354.0,1006,22.509999999999998,0
17356.0,166,21.31,0
17357.0,153,155.47,0
17358.0,202,158.85,0
17359.0,161,31.56,0
17360.0,335,373.55,0
17361.0,157,140.18,0
17362.0,191,104.69,0
17364.0,2680,1124.98,0
17365.0,4777,905.29,0
17367.0,150,64.47,0
17368.0,680,291.12,0
17370.0,540,46.1,0
17371.0,152,276.7,0
17372.0,749,588.63,0
17373.0,408,107.1,0
17374.0,85,198.79,0
17375.0,361,196.21,0
17376.0,86,82.9,0
17377.0,2075,1263.55,0
17379.0,663,113.86,0
17381.0,25646,146.61,1
17382.0,25,17.1,0
17383.0,150,94.68,0
17384.0,88,48.74,0
17385.0,201,90.24,0
17386.0,1902,45.980000000000004,0
17387.0,542,188.58,0
17388.0,1068,70.47,0
17389.0,7430,1273.57,0
17391.0,480,3.18,0
17392.0,320,211.91,0
17394.0,241,13.77,0
17396.0,2005,119.24,0
17397.0,254,282.88,0
17398.0,310,183.98,0
17400.0,1097,714.76,0
17402.0,701,345.75,0
17403.0,117,103.49,0
17404.0,32324,446.55,1
17405.0,705,297.1,0
17406.0,784,1036.14,0
17408.0,3,22.7,0
17409.0,105,99.13,0
17410.0,616,223.33,0
17411.0,298,177.41,0
17412.0,738,179.59,0
17414.0,2100,2.55,0
17415.0,114,195.53,0
17416.0,4266,635.91,0
17418.0,289,88.25,0
17419.0,1872,864.67,0
17420.0,265,116.44,0
17422.0,2195,226.28,0
17423.0,421,61.38,0
17425.0,407,114.85,0
17426.0,3082,818.23,0
17427.0,34,8.33,0
17428.0,9435,1249.07,0
17429.0,616,88.65,0
17430.0,190,27.970000000000002,0
17431.0,292,84.33,0
17432.0,207,121.31,0
17433.0,185,129.92,0
17434.0,1685,392.2,0
17436.0,90,21.849999999999998,0
17438.0,100,96.25,0
17440.0,232,5.28,0
17442.0,1490,370.99,0
17443.0,504,1.06,0
17444.0,2119,883.9000000000001,0
17446.0,198,6.95,0
17447.0,443,60.92,0
17448.0,-1,4287.63,0
17449.0,1115,976.8,0
17450.0,69029,3320.09,2
17451.0,1178,256.29,0
17453.0,219,65.03999999999999,0
17454.0,243,161.25,0
17455.0,66,22.6,0
17456.0,222,25.63,0
17457.0,826,61.199999999999996,0
17458.0,170,131.39000000000001,0
17459.0,537,212.81,0
17460.0,176,165.41,0
17461.0,799,266.42,0
17462.0,224,109.18,0
17463.0,1090,612.94,0
17464.0,220,24.490000000000002,0
17466.0,306,192.33,0
17468.0,116,5.85,0
17469.0,778,278.96,0
17470.0,1675,93.81,0
17472.0,462,372.01,0
17475.0,178,24.87,0
17480.0,336,57.510000000000005,0
17481.0,1060,215.3,0
17483.0,191,68.56,0
17486.0,191,69.51,0
17489.0,428,31.23,0
17490.0,1021,256.03,0
17491.0,2012,378.06,0
17492.0,155,42.28,0
17495.0,229,99.36,0
17496.0,79,51.65,0
17498.0,394,34.33,0
17499.0,711,69.53,0
17500.0,17,271.5,0
17501.0,160,62.9,0
17502.0,376,78.67,0
17503.0,486,88.45,0
17504.0,1456,486.25,0
17505.0,556,153.57,0
17506.0,136,56.71,0
17507.0,359,234.23,0
17508.0,289,35.69,0
17509.0,3530,835.32,0
17510.0,214,44.22,0
17511.0,63012,2607.08,2
17512.0,2752,210.16,0
17513.0,254,16.62,0
17514.0,135,89.12,0
17515.0,243,325.45,0
17516.0,416,378.0,0
17517.0,102,27.92,0
17519.0,1233,257.43,0
17520.0,365,98.92999999999999,0
17521.0,518,88.58,0
17522.0,1034,141.95,0
17523.0,872,103.22999999999999,0
17524.0,90,9.55,0
17525.0,82,54.050000000000004,0
17526.0,257,130.44,0
17527.0,463,171.85999999999999,0
17528.0,2130,867.84,0
17530.0,1526,916.55,0
17531.0,135,60.99,0
17534.0,103,24.1,0
17535.0,136,19.15,0
17536.0,6,38.25,0
17537.0,700,199.53,0
17538.0,134,10.74,0
17540.0,193,96.85,0
17542.0,134,64.6,0
17545.0,341,360.48,0
17547.0,-4,5.9,0
17548.0,-132,33.57,0
17549.0,210,10.6,0
17550.0,86,125.08,0
17551.0,150,109.27,0
17552.0,708,116.26,0
17553.0,1048,6.2,0
17554.0,1763,269.23,0
17555.0,349,231.57,0
17556.0,101,28.67,0
17557.0,306,91.87,0
17560.0,651,89.29,0
17561.0,146,96.34,0
17562.0,813,123.25,0
17564.0,146,182.4,0
17566.0,518,403.4,0
17567.0,2428,417.27,0
17569.0,159,97.24,0
17571.0,905,824.71,0
17572.0,95,37.9,0
17573.0,302,58.02,0
17574.0,77,26.529999999999998,0
17576.0,1954,1285.64,0
17578.0,90,6.82,0
17579.0,256,132.5,0
17580.0,88,97.09,0
17581.0,5861,1600.54,0
17582.0,123,61.89,0
17584.0,446,140.65,0
17585.0,1671,295.53000000000003,0
17588.0,676,119.67,0
17589.0,1631,550.23,0
17590.0,828,536.35,0
17591.0,1008,597.3,0
17593.0,3095,536.03,0
17594.0,550,97.05,0
17595.0,229,207.31,0
17596.0,4400,517.1800000000001,0
17597.0,1176,186.96,0
17600.0,144,45.9,0
17601.0,103,14.51,0
17602.0,4135,1130.96,0
17603.0,-31,1156.89,0
17604.0,169,159.66,0
17608.0,232,68.03,0
17609.0,721,551.03,0
17611.0,2552,1484.72,0
17612.0,1787,390.15,0
17613.0,2470,851.32,0
17614.0,238,221.16,0
17615.0,140,54.75,0
17616.0,224,7.6499999999999995,0
17618.0,331,334.06,0
17619.0,127,138.88,0
17620.0,60,11.03,0
17621.0,510,92.5,0
17623.0,265,94.74,0
17624.0,554,147.9,0
17625.0,1198,799.97,0
17628.0,79,12.05,0
17629.0,1621,260.3,0
17630.0,158,203.45000000000002,0
17631.0,334,144.8,0
17633.0,630,206.32,0
17634.0,840,1106.83,0
17636.0,176,60.74,0
17637.0,280,120.15,0
17639.0,49,38.6,0
17640.0,250,12.83,0
17642.0,474,93.73,0
17643.0,71,32.15,0
17644.0,1741,472.51,0
17646.0,320,255.32,0
17647.0,30,49.68,0
17648.0,486,511.77,0
17649.0,398,192.97,0
17650.0,150,15.17,0
17651.0,3100,501.24,0
17652.0,2479,927.5600000000001,0
17653.0,1401,207.42000000000002,0
17654.0,41,69.45,0
17655.0,956,440.02,0
17656.0,1399,227.35,0
17658.0,522,54.08,0
17659.0,1486,651.39,0
17660.0,130,90.17,0
17663.0,793,358.48,0
17664.0,604,82.42,0
17666.0,596,34.18,0
17667.0,1037,425.15,0
17668.0,93,110.05,0
17669.0,1916,126.32000000000001,0
17670.0,110,28.5,0
17671.0,659,210.6,0
17672.0,1672,393.0,0
17673.0,1485,367.42,0
17674.0,672,20.49,0
17675.0,8278,2576.7,0
17676.0,931,152.66,0
17677.0,9725,892.25,0
17678.0,207,35.77,0
17679.0,729,159.27,0
17680.0,96,30.8,0
17682.0,1365,290.79,0
17684.0,145,43.74,0
17685.0,1956,260.12,0
17686.0,2478,1103.64,0
17690.0,1767,1464.09,0
17691.0,134,64.65,0
17692.0,666,77.07000000000001,0
17693.0,229,46.769999999999996,0
17694.0,184,39.13,0
17695.0,779,43.81,0
17696.0,1730,319.16,0
17697.0,93,96.6,0
17698.0,93,17.1,0
17700.0,1261,467.64,0
17701.0,109,138.1,0
17702.0,1320,149.59,0
17703.0,590,90.35,0
17704.0,343,121.48,0
17705.0,957,342.6,0
17706.0,3833,1714.85,0
17707.0,144,8.850000000000001,0
17708.0,91,110.04,0
17709.0,17,91.05000000000001,0
17711.0,246,56.42,0
17712.0,215,135.29,0
17714.0,92,20.5,0
17715.0,384,0.85,0
17716.0,3004,643.21,0
17718.0,83,25.15,0
17719.0,2455,1240.3,0
17720.0,576,271.71,0
17722.0,1572,392.53,0
17723.0,792,40.7,0
17724.0,289,189.9,0
17725.0,2141,527.08,0
17727.0,639,209.61,0
17728.0,1464,907.29,0
17730.0,3567,435.88,0
17731.0,392,454.67,0
17732.0,93,89.09,0
17733.0,463,103.57,0
17734.0,422,124.57,0
17735.0,8439,1512.8,0
17736.0,237,170.48000000000002,0
17737.0,108,24.14,0
17738.0,1027,361.14,0
17739.0,856,215.98000000000002,0
17742.0,89,133.43,0
17744.0,3376,122.46,0
17746.0,26,42.15,0
17747.0,11,12.7,0
17749.0,320,160.71,0
17750.0,3957,127.83,0
17752.0,192,0.42,0
17754.0,1820,91.7,0
17757.0,3316,2041.78,0
17758.0,2091,978.7,0
17759.0,708,215.36,0
17760.0,239,56.79,0
17761.0,398,59.7,0
17763.0,12,1.25,0
17764.0,395,236.59,0
17765.0,144,221.01,0
17767.0,128,58.75,0
17768.0,1186,403.92,0
17769.0,1857,977.92,0
17770.0,365,183.43,0
17771.0,287,121.37,0
17772.0,58,176.01,0
17774.0,511,531.59,0
17775.0,72,2.35,0
17777.0,507,319.52,0
17779.0,394,244.31,0
17781.0,34,66.68,0
17783.0,354,128.82,0
17785.0,67,33.32,0
17786.0,200,152.94,0
17787.0,910,381.51,0
17788.0,211,27.1,0
17789.0,74,55.6,0
17790.0,836,594.11,0
17791.0,46,27.7,0
17793.0,232,218.56,0
17795.0,341,88.6,0
17796.0,178,329.4,0
17797.0,498,283.36,0
17799.0,1755,1053.27,0
17800.0,736,228.85,0
17802.0,743,342.05,0
17805.0,478,22.57,0
17806.0,727,43.91,0
17809.0,2015,897.19,0
17811.0,4128,2390.92,0
17812.0,350,427.18,0
17813.0,777,1295.84,0
17816.0,30,23.98,0
17817.0,67,301.9,0
17819.0,1027,224.48999999999998,0
17820.0,-5,24.05,0
17824.0,408,13.9,0
17827.0,1247,523.24,0
17828.0,641,474.14,0
17829.0,496,77.57,0
17830.0,92,138.3,0
17831.0,12,5.9,0
17832.0,208,67.81,0
17835.0,348,103.61,0
17836.0,88,32.78,0
17837.0,515,686.11,0
17838.0,1421,484.65,0
17839.0,285,98.03,0
17841.0,22865,20333.18,1
17843.0,113,118.59,0
17844.0,52,4.99,0
17846.0,1,2033.1,0
17848.0,398,215.8,0
17849.0,114,268.40000000000003,0
17850.0,1693,1224.51,0
17852.0,53,56.83,0
17854.0,84,53.79,0
17855.0,197,30.02,0
17856.0,826,56.55,0
17857.0,19086,559.76,1
17858.0,2706,1171.13,0
17859.0,127,45.27,0
17860.0,104,148.27,0
17861.0,1968,539.72,0
17862.0,100,56.599999999999994,0
17863.0,2638,228.96,0
17864.0,810,184.08,0
17865.0,5698,1121.3799999999999,0
17866.0,173,34.55,0
17867.0,253,202.78,0
17869.0,111,246.34,0
17870.0,1400,622.8,0
17871.0,182,21.32,0
17873.0,999,210.32,0
17874.0,209,189.99,0
17877.0,98,42.49,0
17878.0,401,58.4,0
17879.0,45,21.83,0
17880.0,314,64.0,0
17881.0,32,36.25,0
17883.0,379,333.43,0
17884.0,854,224.17,0
17885.0,167,141.76,0
17886.0,481,325.73,0
17887.0,30,52.35,0
17888.0,431,217.98,0
17889.0,79,72.62,0
17890.0,416,232.09,0
17891.0,393,24.2,0
17892.0,109,91.7,0
17893.0,161,33.519999999999996,0
17894.0,405,539.29,0
17895.0,130,29.77,0
17896.0,288,1.78,0
17897.0,223,355.36,0
17898.0,190,41.48,0
17899.0,171,76.3,0
17900.0,1,28.3,0
17901.0,24,101.25,0
17904.0,62,150.23,0
17905.0,407,128.99,0
17906.0,26,45.9,0
17908.0,173,155.01,0
17911.0,223,85.06,0
17912.0,183,166.7,0
17913.0,289,143.62,0
17914.0,473,157.2,0
17917.0,187,209.44,0
17919.0,756,49.75,0
17920.0,2516,1623.75,0
17921.0,430,340.56,0
17923.0,50,4.15,0
17924.0,1141,131.0,0
17925.0,72,3.39,0
17926.0,306,66.26,0
17928.0,140,68.74,0
17929.0,107,46.35,0
17930.0,1594,57.82,0
17931.0,249,199.51,0
17932.0,789,246.56,0
17934.0,478,72.51,0
17935.0,82,54.15,0
17936.0,262,183.57,0
17937.0,1754,149.35,0
17939.0,40,29.47,0
17940.0,9751,3994.91,0
17941.0,252,2.51,0
17942.0,38,3.05,0
17946.0,75,62.89,0
17947.0,168,8.48,0
17948.0,144,2.49,0
17949.0,27571,727.3299999999999,1
17950.0,342,165.21,0
17951.0,610,47.120000000000005,0
17954.0,2229,969.32,0
17955.0,273,106.99,0
17956.0,1,12.75,0
17957.0,287,41.82,0
17958.0,84,28.28,0
17960.0,41,44.71,0
17961.0,560,814.79,0
17962.0,128,57.81,0
17964.0,301,278.74,0
17965.0,1556,1147.63,0
17966.0,2571,101.28,0
17967.0,80,90.23,0
17968.0,160,163.98,0
17969.0,152,65.82,0
17970.0,525,91.94,0
17972.0,37,131.14000000000001,0
17973.0,176,48.660000000000004,0
17974.0,519,362.34000000000003,0
17975.0,1552,943.88,0
17976.0,106,229.58,0
17977.0,342,68.2,0
17978.0,499,28.36,0
17979.0,395,351.31,0
17980.0,682,66.11,0
17984.0,98,99.2,0
17985.0,183,102.8,0
17986.0,10,2.08,0
17987.0,261,11.82,0
17988.0,42,203.55,0
17990.0,414,67.35000000000001,0
17991.0,25,24.55,0
17994.0,473,203.65,0
17995.0,133,3.37,0
17997.0,2078,287.86,0
17999.0,221,262.53000000000003,0
18001.0,363,164.59,0
18004.0,78,110.61,0
18005.0,93,191.18,0
18006.0,220,71.04,0
18008.0,1581,114.0,0
18009.0,124,134.96,0
18010.0,60,70.2,0
18011.0,71,66.11,0
18013.0,285,36.28,0
18014.0,68,93.78,0
18015.0,157,58.69,0
18016.0,1029,412.52,0
18017.0,300,5.23,0
18018.0,55,110.53,0
18019.0,7,28.55,0
18022.0,736,335.06,0
18024.0,148,58.49,0
18027.0,78,58.64,0
18030.0,66,70.3,0
18032.0,42,9.35,0
18033.0,253,63.44,0
18034.0,561,149.46,0
18035.0,611,130.77,0
18036.0,234,181.64000000000001,0
18037.0,20,68.37,0
18040.0,148,58.35,0
18041.0,3810,934.17,0
18042.0,33,38.15,0
18043.0,282,352.37,0
18044.0,1032,542.9,0
18045.0,142,122.52,0
18048.0,127,10.5,0
18050.0,40,11.55,0
18053.0,301,34.66,0
18055.0,2450,1467.91,0
18056.0,211,71.4,0
18058.0,88,5.39,0
18059.0,258,39.84,0
18061.0,955,230.48000000000002,0
18062.0,396,121.21,0
18064.0,384,15.73,0
18065.0,1024,573.39,0
18066.0,108,34.3,0
18067.0,189,104.82,0
18068.0,6,16.95,0
18069.0,1308,1044.74,0
18071.0,260,74.95,0
18072.0,46,43.589999999999996,0
18073.0,3098,285.61,0
18074.0,190,62.150000000000006,0
18075.0,1437,544.29,0
18077.0,1878,414.27,0
18078.0,145,86.58,0
18079.0,7432,113.77,0
18080.0,642,3.8,0
18081.0,195,65.28,0
18082.0,621,157.24,0
18084.0,311,3.24,0
18085.0,265,82.5,0
18086.0,106,10.36,0
18087.0,3571,857.87,0
18088.0,109,81.65,0
18092.0,4250,332.26,0
18093.0,1381,63.07,0
18094.0,2518,150.87,0
18095.0,419,55.0,0
18096.0,825,487.27,0
18097.0,1685,325.65,0
18099.0,149,40.64,0
18101.0,88,105.8,0
18102.0,64122,5159.7300000000005,2
18104.0,362,142.84,0
18105.0,46,40.18,0
18106.0,128,153.5,0
18108.0,82,86.45,0
18109.0,4219,2267.68,0
18110.0,79,139.39000000000001,0
18112.0,255,111.52,0
18113.0,72,1.06,0
18114.0,55,154.95,0
18116.0,848,895.89,0
18117.0,618,89.85,0
18118.0,2877,3292.38,0
18119.0,125,83.47,0
18120.0,31,68.55,0
18121.0,450,59.68,0
18122.0,1234,851.58,0
18123.0,594,51.24,0
18125.0,803,437.84000000000003,0
18126.0,144,109.24,0
18127.0,188,149.34,0
18129.0,48,40.95,0
18130.0,817,167.82,0
18133.0,0,0.85,0
18135.0,349,46.15,0
18136.0,373,107.43,0
18138.0,38,50.05,0
18139.0,5461,241.41,0
18141.0,-12,2.95,0
18142.0,1273,27.57,0
18143.0,570,166.43,0
18144.0,1343,190.51,0
18145.0,2625,398.12,0
18146.0,153,19.5,0
18147.0,203,9.08,0
18149.0,310,44.04,0
18150.0,332,85.97,0
18151.0,355,121.55,0
18154.0,255,59.35,0
18155.0,258,72.81,0
18156.0,301,420.03000000000003,0
18158.0,353,45.66,0
18159.0,139,115.1,0
18160.0,294,142.63,0
18161.0,810,294.16,0
18164.0,183,105.92,0
18165.0,254,12.38,0
18167.0,359,156.28,0
18168.0,585,460.73,0
18169.0,61,33.2,0
18170.0,409,161.4,0
18171.0,477,286.86,0
18172.0,3170,619.69,0
18173.0,1220,83.88,0
18174.0,50,2.08,0
18176.0,279,97.4,0
18177.0,705,141.19,0
18178.0,979,246.23,0
18179.0,1360,248.49,0
18180.0,1721,247.62,0
18181.0,146,159.02,0
18183.0,362,155.31,0
18184.0,60,0.83,0
18185.0,183,61.65,0
18188.0,1167,178.11,0
18189.0,564,226.34,0
18190.0,139,68.89,0
18191.0,140,28.150000000000002,0
18192.0,339,180.33,0
18193.0,120,74.42,0
18194.0,448,12.57,0
18196.0,433,311.27,0
18198.0,3839,390.97,0
18200.0,111,62.99,0
18202.0,581,275.54,0
18203.0,43,87.08,0
18204.0,1198,524.26,0
18205.0,192,146.56,0
18209.0,58,25.95,0
18210.0,1398,482.01,0
18211.0,359,102.98,0
18212.0,101,131.48,0
18213.0,232,22.52,0
18215.0,118,38.91,0
18216.0,200,128.32,0
18217.0,491,64.73,0
18218.0,546,43.97,0
18219.0,883,495.73,0
18220.0,282,4.62,0
18221.0,789,170.82,0
18222.0,335,61.86,0
18223.0,2890,889.99,0
18224.0,69,30.6,0
18225.0,3206,763.65,0
18226.0,3459,543.97,0
18227.0,21,43.25,0
18228.0,236,130.33,0
18229.0,2488,758.76,0
18230.0,1298,204.08,0
18231.0,808,470.27,0
18232.0,299,148.32,0
18233.0,4,110.0,0
18235.0,1578,223.23,0
18236.0,403,164.8,0
18237.0,622,180.42,0
18239.0,795,252.73,0
18240.0,126,23.57,0
18241.0,1047,342.14,0
18242.0,1017,255.83,0
18245.0,1781,469.27,0
18246.0,166,18.84,0
18248.0,501,197.17000000000002,0
18249.0,128,12.83,0
18250.0,198,86.27,0
18251.0,7824,12.35,0
18252.0,239,306.65,0
18255.0,74,10.3,0
18256.0,-70,3.0,0
18257.0,1010,421.08,0
18259.0,714,136.9,0
18260.0,1469,515.59,0
18261.0,146,64.74,0
18262.0,182,14.6,0
18263.0,1467,60.61,0
18265.0,311,241.34,0
18268.0,0,25.5,0
18269.0,70,27.1,0
18270.0,97,59.1,0
18272.0,2044,391.16,0
18273.0,80,7.6499999999999995,0
18274.0,0,80.78,0
18276.0,184,47.25,0
18277.0,67,37.88,0
18278.0,66,29.55,0
18280.0,45,47.65,0
18281.0,54,39.36,0
18282.0,98,62.68,0
18283.0,1397,1220.93,0
18287.0,1586,104.55,0
